;Název děkanátu;Název farnosti;Rok;Osob celkem;Průměrný věk;Muž;Žena;Neuvedeno;
1;Bílovec;Bílov;1999;32;42,22;10;22;;
;Bílovec;Bílov;2004;19;33,53;10;9;;
;Bílovec;Bílov;2009;27;38,33;14;13;;
;Bílovec;Bílov;2014;34;34,53;15;19;;
;Bílovec;Bílov;2019;19;44,37;7;12;;
;Bílovec;Bílov;2024;18;54,72;5;13;0;
2;Bílovec;Bílovec;1999;271;44,11;99;172;;
;Bílovec;Bílovec;2004;257;45,88;104;153;;
;Bílovec;Bílovec;2009;249;47,72;85;164;;
;Bílovec;Bílovec;2014;232;47,91;95;137;;
;Bílovec;Bílovec;2019;261;48,51;110;151;;
;Bílovec;Bílovec;2024;157;49,29;69;88;0;
3;Bílovec;Bravantice;1999;37;32,41;13;24;;
;Bílovec;Bravantice;2004;19;40,42;9;10;;
;Bílovec;Bravantice;2009;32;36,00;16;16;;
;Bílovec;Bravantice;2014;36;38,78;15;21;;
;Bílovec;Bravantice;2019;31;33,94;12;19;;
;Bílovec;Bravantice;2024;29;40,86;12;17;0;
4;Bílovec;Dobešov;1999;12;51,67;7;5;;
;Bílovec;Dobešov;2004;16;39,69;8;8;;
;Bílovec;Dobešov;2009;14;40,50;4;10;;
;Bílovec;Dobešov;2014;16;37,69;8;8;;
;Bílovec;Dobešov;2019;18;34,44;8;10;;
;Bílovec;Dobešov;2024;11;34,00;4;7;0;
5;Bílovec;Fulnek;1999;382;44,20;145;237;;
;Bílovec;Fulnek;2004;371;44,23;142;229;;
;Bílovec;Fulnek;2009;423;41,61;167;256;;
;Bílovec;Fulnek;2014;366;46,06;137;229;;
;Bílovec;Fulnek;2019;383;42,99;145;238;;
;Bílovec;Fulnek;2024;290;44,47;116;174;0;
6;Bílovec;Hladké Životice;1999;105;48,10;35;70;;
;Bílovec;Hladké Životice;2004;80;46,36;25;55;;
;Bílovec;Hladké Životice;2009;67;48,91;26;41;;
;Bílovec;Hladké Životice;2014;61;52,34;21;40;;
;Bílovec;Hladké Životice;2019;49;64,35;16;33;;
;Bílovec;Hladké Životice;2024;31;56,00;9;21;1;
7;Bílovec;Jistebník;1999;41;42,51;13;28;;
;Bílovec;Jistebník;2004;42;41,81;16;26;;
;Bílovec;Jistebník;2009;42;51,48;13;29;;
;Bílovec;Jistebník;2014;40;50,78;15;25;;
;Bílovec;Jistebník;2019;35;52,03;11;24;;
;Bílovec;Jistebník;2024;24;50,00;9;15;0;
8;Bílovec;Klimkovice;1999;287;52,29;95;192;;
;Bílovec;Klimkovice;2004;288;52,90;101;187;;
;Bílovec;Klimkovice;2009;218;51,17;84;134;;
;Bílovec;Klimkovice;2014;172;46,38;63;109;;
;Bílovec;Klimkovice;2019;122;46,55;50;72;;
;Bílovec;Klimkovice;2024;88;45,50;35;53;0;
9;Bílovec;Kujavy;1999;39;38,51;12;27;;
;Bílovec;Kujavy;2004;31;40,06;12;19;;
;Bílovec;Kujavy;2009;33;35,64;12;21;;
;Bílovec;Kujavy;2014;22;41,73;8;14;;
;Bílovec;Kujavy;2019;27;36,63;11;16;;
;Bílovec;Kujavy;2024;22;49,86;7;15;0;
10;Bílovec;Lubojaty;1999;70;41,16;19;51;;
;Bílovec;Lubojaty;2004;60;44,63;16;44;;
;Bílovec;Lubojaty;2009;71;41,46;24;47;;
;Bílovec;Lubojaty;2014;56;48,61;22;34;;
;Bílovec;Lubojaty;2019;61;46,15;19;42;;
;Bílovec;Lubojaty;2024;68;42,41;31;37;0;
11;Bílovec;Mankovice;1999;49;35,29;19;30;;
;Bílovec;Mankovice;2004;60;39,73;23;37;;
;Bílovec;Mankovice;2009;63;38,27;29;34;;
;Bílovec;Mankovice;2014;60;41,88;23;37;;
;Bílovec;Mankovice;2019;44;53,34;22;22;;
;Bílovec;Mankovice;2024;30;63,93;14;16;0;
12;Bílovec;Odry;1999;271;43,04;117;154;;
;Bílovec;Odry;2004;208;47,52;79;129;;
;Bílovec;Odry;2009;211;43,29;80;131;;
;Bílovec;Odry;2014;170;42,62;64;106;;
;Bílovec;Odry;2019;148;38,53;60;88;;
;Bílovec;Odry;2024;120;41,99;50;70;0;
13;Bílovec;Olbramice;1999;154;45,75;50;104;;
;Bílovec;Olbramice;2004;88;43,20;25;63;;
;Bílovec;Olbramice;2009;106;42,99;44;62;;
;Bílovec;Olbramice;2014;78;46,64;28;50;;
;Bílovec;Olbramice;2019;102;46,51;42;60;;
;Bílovec;Olbramice;2024;77;47,65;29;48;0;
14;Bílovec;Pohoř;1999;20;59,95;6;14;;
;Bílovec;Pohoř;2004;18;62,83;5;13;;
;Bílovec;Pohoř;2009;13;51,54;6;7;;
;Bílovec;Pohoř;2014;22;51,64;9;13;;
;Bílovec;Pohoř;2019;10;70,40;4;6;;
;Bílovec;Pohoř;2024;8;72,75;2;6;0;
15;Bílovec;Pustějov;1999;55;62,96;13;42;;
;Bílovec;Pustějov;2004;57;60,40;19;38;;
;Bílovec;Pustějov;2009;47;62,53;12;35;;
;Bílovec;Pustějov;2014;45;62,64;11;34;;
;Bílovec;Pustějov;2019;44;50,55;16;28;;
;Bílovec;Pustějov;2024;48;49,42;20;25;3;
16;Bílovec;Slatina u Bílovce;1999;288;43,83;104;184;;
;Bílovec;Slatina u Bílovce;2004;311;45,11;90;221;;
;Bílovec;Slatina u Bílovce;2009;117;48,17;43;74;;
;Bílovec;Slatina u Bílovce;2014;102;53,86;37;65;;
;Bílovec;Slatina u Bílovce;2019;162;50,01;58;104;;
;Bílovec;Slatina u Bílovce;2024;128;43,39;42;86;0;
17;Bílovec;Spálov;1999;234;43,25;81;153;;
;Bílovec;Spálov;2004;224;45,41;85;139;;
;Bílovec;Spálov;2009;256;44,34;101;155;;
;Bílovec;Spálov;2014;194;43,13;73;121;;
;Bílovec;Spálov;2019;106;48,68;47;59;;
;Bílovec;Spálov;2024;107;39,02;50;56;1;
18;Bílovec;Studénka;1999;134;43,22;45;89;;
;Bílovec;Studénka;2004;115;49,45;42;73;;
;Bílovec;Studénka;2009;111;47,66;37;74;;
;Bílovec;Studénka;2014;99;47,23;35;64;;
;Bílovec;Studénka;2019;67;50,49;25;42;;
;Bílovec;Studénka;2024;74;49,92;30;44;0;
19;Bílovec;Studénka-Butovice;1999;116;49,17;41;75;;
;Bílovec;Studénka-Butovice;2004;152;45,78;58;94;;
;Bílovec;Studénka-Butovice;2009;124;46,56;46;78;;
;Bílovec;Studénka-Butovice;2014;90;49,99;37;53;;
;Bílovec;Studénka-Butovice;2019;90;50,77;36;54;;
;Bílovec;Studénka-Butovice;2024;52;53,25;21;31;0;
20;Bílovec;Suchdol nad Odrou;1999;95;42,61;25;70;;
;Bílovec;Suchdol nad Odrou;2004;115;37,29;39;76;;
;Bílovec;Suchdol nad Odrou;2009;89;42,76;27;62;;
;Bílovec;Suchdol nad Odrou;2014;77;44,83;28;49;;
;Bílovec;Suchdol nad Odrou;2019;67;42,58;26;41;;
;Bílovec;Suchdol nad Odrou;2024;48;42,98;20;28;0;
21;Bílovec;Velké Albrechtice;1999;19;54,95;9;10;;
;Bílovec;Velké Albrechtice;2004;56;41,41;26;30;;
;Bílovec;Velké Albrechtice;2009;63;41,32;28;35;;
;Bílovec;Velké Albrechtice;2014;35;50,11;14;21;;
;Bílovec;Velké Albrechtice;2019;28;50,54;13;15;;
;Bílovec;Velké Albrechtice;2024;28;56,32;16;12;0;
22;Bílovec;Veselí u Oder;1999;21;39,00;6;15;;
;Bílovec;Veselí u Oder;2004;25;34,88;7;18;;
;Bílovec;Veselí u Oder;2009;30;35,27;12;18;;
;Bílovec;Veselí u Oder;2014;40;37,65;21;19;;
;Bílovec;Veselí u Oder;2019;30;33,93;13;17;;
;Bílovec;Veselí u Oder;2024;32;42,00;13;19;0;
23;Bílovec;Véska;1999;68;41,25;35;33;;
;Bílovec;Véska;2004;55;37,62;24;31;;
;Bílovec;Véska;2009;52;43,25;24;28;;
;Bílovec;Véska;2014;55;49,93;24;31;;
;Bílovec;Véska;2019;30;40,90;15;15;;
;Bílovec;Véska;2024;26;45,96;13;13;0;
24;Bílovec;Vlkovice;1999;32;48,19;9;23;;
;Bílovec;Vlkovice;2004;32;54,03;9;23;;
;Bílovec;Vlkovice;2009;33;49,33;10;23;;
;Bílovec;Vlkovice;2014;30;51,63;9;21;;
;Bílovec;Vlkovice;2019;18;57,11;7;11;;
;Bílovec;Vlkovice;2024;11;52,45;5;6;0;
25;Bílovec;Vražné;1999;80;37,84;29;51;;
;Bílovec;Vražné;2004;45;41,38;20;25;;
;Bílovec;Vražné;2009;37;46,57;16;21;;
;Bílovec;Vražné;2014;34;49,35;14;20;;
;Bílovec;Vražné;2019;41;41,80;18;23;;
;Bílovec;Vražné;2024;32;39,91;13;19;0;
26;Bílovec;Těškovice;1999;;;;;;
;Bílovec;Těškovice;2004;168;43,55;69;99;;
;Bílovec;Těškovice;2009;119;52,82;35;84;;
;Bílovec;Těškovice;2014;112;56,04;28;84;;
;Bílovec;Těškovice;2019;176;45,43;54;122;;
;Bílovec;Těškovice;2024;117;46,38;26;91;0;
27;Bruntál;Andělská Hora ve Slezsku;1999;61;38,00;25;36;;
;Bruntál;Andělská Hora ve Slezsku;2004;62;37,69;20;42;;
;Bruntál;Andělská Hora ve Slezsku;2009;47;40,70;15;32;;
;Bruntál;Andělská Hora ve Slezsku;2014;34;55,97;10;24;;
;Bruntál;Andělská Hora ve Slezsku;2019;53;49,13;19;34;;
;Bruntál;Andělská Hora ve Slezsku;2024;29;51,66;7;22;0;
28;Bruntál;Bílčice;1999;12;45,50;4;8;;
;Bruntál;Bílčice;2004;3;60,33;2;1;;
;Bruntál;Bílčice;2009;17;42,53;6;11;;
;Bruntál;Bílčice;2014;5;65,00;0;5;;
;Bruntál;Bílčice;2019;2;40,00;0;2;;
;Bruntál;Bílčice;2024;0;0,00;0;0;0;
29;Bruntál;Bruntál;1999;345;48,14;120;225;;
;Bruntál;Bruntál;2004;273;52,85;106;167;;
;Bruntál;Bruntál;2009;255;54,53;93;162;;
;Bruntál;Bruntál;2014;238;52,33;82;156;;
;Bruntál;Bruntál;2019;184;56,92;66;118;;
;Bruntál;Bruntál;2024;142;59,11;55;87;0;
30;Bruntál;Břidličná;1999;85;52,60;25;60;;
;Bruntál;Břidličná;2004;79;51,06;26;53;;
;Bruntál;Břidličná;2009;95;41,38;36;59;;
;Bruntál;Břidličná;2014;88;59,50;16;72;;
;Bruntál;Břidličná;2019;39;64,56;12;27;;
;Bruntál;Břidličná;2024;28;65,39;4;24;0;
31;Bruntál;Dětřichov nad Bystřicí;1999;17;43,12;1;16;;
;Bruntál;Dětřichov nad Bystřicí;2004;7;51,86;0;7;;
;Bruntál;Dětřichov nad Bystřicí;2009;;;;;;
;Bruntál;Dětřichov nad Bystřicí;2014;;;;;;
;Bruntál;Dětřichov nad Bystřicí;2019;2;37,50;1;1;;
;Bruntál;Dětřichov nad Bystřicí;2024;0;0,00;0;0;0;
32;Bruntál;Dolní Moravice;1999;15;51,20;6;9;;
;Bruntál;Dolní Moravice;2004;11;53,82;3;8;;
;Bruntál;Dolní Moravice;2009;7;71,43;3;4;;
;Bruntál;Dolní Moravice;2014;8;44,38;5;3;;
;Bruntál;Dolní Moravice;2019;2;37,50;1;1;;
;Bruntál;Dolní Moravice;2024;7;43,57;2;5;0;
33;Bruntál;Dvorce;1999;47;43,15;18;29;;
;Bruntál;Dvorce;2004;33;59,76;9;24;;
;Bruntál;Dvorce;2009;39;48,03;13;26;;
;Bruntál;Dvorce;2014;43;47,33;16;27;;
;Bruntál;Dvorce;2019;27;49,52;11;16;;
;Bruntál;Dvorce;2024;22;51,73;11;11;0;
34;Bruntál;Horní Benešov;1999;48;60,08;10;38;;
;Bruntál;Horní Benešov;2004;73;54,38;18;55;;
;Bruntál;Horní Benešov;2009;49;55,61;9;40;;
;Bruntál;Horní Benešov;2014;50;63,04;13;37;;
;Bruntál;Horní Benešov;2019;49;52,45;19;30;;
;Bruntál;Horní Benešov;2024;39;60,67;16;23;0;
35;Bruntál;Horní Město;1999;30;57,93;16;14;;
;Bruntál;Horní Město;2004;32;61,22;16;16;;
;Bruntál;Horní Město;2009;20;66,65;8;12;;
;Bruntál;Horní Město;2014;25;44,12;9;16;;
;Bruntál;Horní Město;2019;10;43,20;4;6;;
;Bruntál;Horní Město;2024;9;34,33;5;4;0;
36;Bruntál;Huzová;1999;30;46,37;12;18;;
;Bruntál;Huzová;2004;23;45,22;7;16;;
;Bruntál;Huzová;2009;14;54,57;4;10;;
;Bruntál;Huzová;2014;18;53,06;4;14;;
;Bruntál;Huzová;2019;22;47,91;6;16;;
;Bruntál;Huzová;2024;17;51,47;8;9;0;
37;Bruntál;Jelení u Bruntálu;1999;;;;;;
;Bruntál;Jelení u Bruntálu;2004;;;;;;
;Bruntál;Jelení u Bruntálu;2009;;;;;;
;Bruntál;Jelení u Bruntálu;2014;8;45,25;1;7;;
;Bruntál;Jelení u Bruntálu;2019;2;37,50;0;2;;
;Bruntál;Jelení u Bruntálu;2024;7;45,71;2;5;0;
38;Bruntál;Křišťanovice;1999;14;37,43;5;9;;
;Bruntál;Křišťanovice;2004;15;38,07;3;12;;
;Bruntál;Křišťanovice;2009;19;43,63;6;13;;
;Bruntál;Křišťanovice;2014;15;34,60;4;11;;
;Bruntál;Křišťanovice;2019;11;42,18;3;8;;
;Bruntál;Křišťanovice;2024;0;0,00;0;0;0;
39;Bruntál;Leskovec nad Moravicí;1999;28;61,75;7;21;;
;Bruntál;Leskovec nad Moravicí;2004;34;55,85;12;22;;
;Bruntál;Leskovec nad Moravicí;2009;29;46,76;13;16;;
;Bruntál;Leskovec nad Moravicí;2014;20;62,30;2;18;;
;Bruntál;Leskovec nad Moravicí;2019;8;72,38;2;6;;
;Bruntál;Leskovec nad Moravicí;2024;7;63,00;1;6;0;
40;Bruntál;Lomnice u Rýmařova;1999;35;41,66;10;25;;
;Bruntál;Lomnice u Rýmařova;2004;25;52,88;4;21;;
;Bruntál;Lomnice u Rýmařova;2009;24;46,46;3;21;;
;Bruntál;Lomnice u Rýmařova;2014;24;57,08;9;15;;
;Bruntál;Lomnice u Rýmařova;2019;23;49,43;9;14;;
;Bruntál;Lomnice u Rýmařova;2024;25;50,84;13;12;0;
41;Bruntál;Malá Morávka;1999;80;45,64;36;44;;
;Bruntál;Malá Morávka;2004;25;46,44;5;20;;
;Bruntál;Malá Morávka;2009;14;53,79;5;9;;
;Bruntál;Malá Morávka;2014;33;45,27;12;21;;
;Bruntál;Malá Morávka;2019;32;53,50;11;21;;
;Bruntál;Malá Morávka;2024;14;56,79;7;7;0;
42;Bruntál;Mezina;1999;14;47,93;1;13;;
;Bruntál;Mezina;2004;8;47,38;1;7;;
;Bruntál;Mezina;2009;;;;;;
;Bruntál;Mezina;2014;;;;;;
;Bruntál;Mezina;2019;2;42,00;0;2;;
;Bruntál;Mezina;2024;0;0,00;0;0;0;
43;Bruntál;Moravský Beroun;1999;93;46,18;28;65;;
;Bruntál;Moravský Beroun;2004;72;51,67;19;53;;
;Bruntál;Moravský Beroun;2009;44;61,89;14;30;;
;Bruntál;Moravský Beroun;2014;109;60,84;35;74;;
;Bruntál;Moravský Beroun;2019;56;53,34;27;29;;
;Bruntál;Moravský Beroun;2024;39;57,62;13;26;0;
44;Bruntál;Moravský Kočov;1999;8;62,13;3;5;;
;Bruntál;Moravský Kočov;2004;;;;;;
;Bruntál;Moravský Kočov;2009;;;;;;
;Bruntál;Moravský Kočov;2014;;;;;;
;Bruntál;Moravský Kočov;2019;2;37,50;0;2;;
;Bruntál;Moravský Kočov;2024;0;0,00;0;0;0;
45;Bruntál;Nové Valteřice;1999;10;67,40;2;8;;
;Bruntál;Nové Valteřice;2004;7;77,00;1;6;;
;Bruntál;Nové Valteřice;2009;;;;;;
;Bruntál;Nové Valteřice;2014;;;;;;
;Bruntál;Nové Valteřice;2019;2;37,50;0;2;;
;Bruntál;Nové Valteřice;2024;0;0,00;0;0;0;
46;Bruntál;Razová;1999;29;47,79;12;17;;
;Bruntál;Razová;2004;22;44,77;10;12;;
;Bruntál;Razová;2009;23;47,48;10;13;;
;Bruntál;Razová;2014;26;46,92;13;13;;
;Bruntál;Razová;2019;19;47,32;6;13;;
;Bruntál;Razová;2024;9;57,22;3;6;0;
47;Bruntál;Rešov;1999;8;71,00;1;7;;
;Bruntál;Rešov;2004;8;65,88;3;5;;
;Bruntál;Rešov;2009;7;71,14;2;5;;
;Bruntál;Rešov;2014;20;56,65;9;11;;
;Bruntál;Rešov;2019;3;63,67;1;2;;
;Bruntál;Rešov;2024;0;0,00;0;0;0;
48;Bruntál;Roudno;1999;18;59,89;6;12;;
;Bruntál;Roudno;2004;17;54,18;4;13;;
;Bruntál;Roudno;2009;20;62,85;4;16;;
;Bruntál;Roudno;2014;14;51,86;2;12;;
;Bruntál;Roudno;2019;18;45,78;7;11;;
;Bruntál;Roudno;2024;13;37,31;6;7;0;
49;Bruntál;Ruda u Rýmařova;1999;13;64,62;2;11;;
;Bruntál;Ruda u Rýmařova;2004;10;62,60;2;8;;
;Bruntál;Ruda u Rýmařova;2009;11;48,55;3;8;;
;Bruntál;Ruda u Rýmařova;2014;5;62,80;1;4;;
;Bruntál;Ruda u Rýmařova;2019;4;68,75;1;3;;
;Bruntál;Ruda u Rýmařova;2024;0;0,00;0;0;0;
50;Bruntál;Rudná pod Pradědem;1999;14;51,50;4;10;;
;Bruntál;Rudná pod Pradědem;2004;9;53,22;3;6;;
;Bruntál;Rudná pod Pradědem;2009;12;48,92;3;9;;
;Bruntál;Rudná pod Pradědem;2014;52;28,46;23;29;;
;Bruntál;Rudná pod Pradědem;2019;6;68,00;2;4;;
;Bruntál;Rudná pod Pradědem;2024;3;65,67;2;1;0;
51;Bruntál;Rýmařov;1999;163;54,18;51;112;;
;Bruntál;Rýmařov;2004;154;56,53;43;111;;
;Bruntál;Rýmařov;2009;110;59,59;29;81;;
;Bruntál;Rýmařov;2014;102;57,49;41;61;;
;Bruntál;Rýmařov;2019;71;63,38;25;46;;
;Bruntál;Rýmařov;2024;48;66,21;24;24;0;
52;Bruntál;Ryžoviště;1999;36;52,31;14;22;;
;Bruntál;Ryžoviště;2004;13;56,08;2;11;;
;Bruntál;Ryžoviště;2009;17;52,35;3;14;;
;Bruntál;Ryžoviště;2014;11;72,55;2;9;;
;Bruntál;Ryžoviště;2019;10;73,80;1;9;;
;Bruntál;Ryžoviště;2024;10;52,50;3;7;0;
53;Bruntál;Stará Ves u Rýmařova;1999;37;51,43;8;29;;
;Bruntál;Stará Ves u Rýmařova;2004;21;63,57;5;16;;
;Bruntál;Stará Ves u Rýmařova;2009;28;60,57;4;24;;
;Bruntál;Stará Ves u Rýmařova;2014;23;65,13;7;16;;
;Bruntál;Stará Ves u Rýmařova;2019;26;45,69;12;14;;
;Bruntál;Stará Ves u Rýmařova;2024;7;77,14;3;4;0;
54;Bruntál;Václavov u Bruntálu;1999;8;61,38;1;7;;
;Bruntál;Václavov u Bruntálu;2004;10;59,10;1;9;;
;Bruntál;Václavov u Bruntálu;2009;8;49,63;2;6;;
;Bruntál;Václavov u Bruntálu;2014;2;66,50;0;2;;
;Bruntál;Václavov u Bruntálu;2019;2;71,00;0;2;;
;Bruntál;Václavov u Bruntálu;2024;8;52,38;2;6;0;
55;Bruntál;Velká Štáhle;1999;24;60,58;6;18;;
;Bruntál;Velká Štáhle;2004;26;54,73;8;18;;
;Bruntál;Velká Štáhle;2009;21;54,14;9;12;;
;Bruntál;Velká Štáhle;2014;18;61,72;6;12;;
;Bruntál;Velká Štáhle;2019;8;76,13;1;7;;
;Bruntál;Velká Štáhle;2024;8;79,38;1;7;0;
56;Bruntál;Vrbno pod Pradědem;1999;116;47,53;39;77;;
;Bruntál;Vrbno pod Pradědem;2004;114;42,04;36;78;;
;Bruntál;Vrbno pod Pradědem;2009;64;47,66;15;49;;
;Bruntál;Vrbno pod Pradědem;2014;75;48,13;25;50;;
;Bruntál;Vrbno pod Pradědem;2019;37;49,43;12;25;;
;Bruntál;Vrbno pod Pradědem;2024;51;50,43;21;30;0;
57;Bruntál;Vrbno pod Pradědem-Mnichov;1999;40;61,70;15;25;;
;Bruntál;Vrbno pod Pradědem-Mnichov;2004;20;49,75;6;14;;
;Bruntál;Vrbno pod Pradědem-Mnichov;2009;9;62,11;4;5;;
;Bruntál;Vrbno pod Pradědem-Mnichov;2014;5;65,60;2;3;;
;Bruntál;Vrbno pod Pradědem-Mnichov;2019;12;64,42;5;7;;
;Bruntál;Vrbno pod Pradědem-Mnichov;2024;6;59,33;5;1;0;
58;Bruntál;Karlovice;1999;;;;;;
;Bruntál;Karlovice;2004;37;47,62;15;22;;
;Bruntál;Karlovice;2009;30;42,50;13;17;;
;Bruntál;Karlovice;2014;19;60,58;8;11;;
;Bruntál;Karlovice;2019;34;37,15;7;27;;
;Bruntál;Karlovice;2024;20;40,20;10;10;0;
59;Bruntál;Svobodné Heřmanice;1999;;;;;;
;Bruntál;Svobodné Heřmanice;2004;29;43,07;11;18;;
;Bruntál;Svobodné Heřmanice;2009;19;40,95;5;14;;
;Bruntál;Svobodné Heřmanice;2014;27;53,56;8;19;;
;Bruntál;Svobodné Heřmanice;2019;19;57,79;5;14;;
;Bruntál;Svobodné Heřmanice;2024;14;54,21;6;8;0;
60;Frýdek;Bruzovice;1999;179;48,75;71;108;;
;Frýdek;Bruzovice;2004;165;48,42;73;92;;
;Frýdek;Bruzovice;2009;212;47,06;96;116;;
;Frýdek;Bruzovice;2014;196;42,76;81;115;;
;Frýdek;Bruzovice;2019;173;40,34;79;94;;
;Frýdek;Bruzovice;2024;123;41,24;54;69;0;
61;Frýdek;Dobrá;1999;364;44,52;126;238;;
;Frýdek;Dobrá;2004;355;46,25;129;226;;
;Frýdek;Dobrá;2009;359;47,62;140;219;;
;Frýdek;Dobrá;2014;288;48,18;109;179;;
;Frýdek;Dobrá;2019;298;47,26;115;183;;
;Frýdek;Dobrá;2024;263;45,70;109;154;0;
62;Frýdek;Dobratice;1999;217;38,84;86;131;;
;Frýdek;Dobratice;2004;190;42,90;62;128;;
;Frýdek;Dobratice;2009;205;41,55;78;127;;
;Frýdek;Dobratice;2014;117;49,46;45;72;;
;Frýdek;Dobratice;2019;99;50,82;35;64;;
;Frýdek;Dobratice;2024;37;52,32;15;21;1;
63;Frýdek;Domaslavice;1999;349;43,48;147;202;;
;Frýdek;Domaslavice;2004;341;44,22;133;208;;
;Frýdek;Domaslavice;2009;215;42,93;87;128;;
;Frýdek;Domaslavice;2014;282;42,65;123;159;;
;Frýdek;Domaslavice;2019;282;43,17;126;156;;
;Frýdek;Domaslavice;2024;226;47,58;114;112;0;
64;Frýdek;Frýdek;1999;1179;42,93;463;716;;
;Frýdek;Frýdek;2004;1345;44,08;503;842;;
;Frýdek;Frýdek;2009;1243;45,72;492;751;;
;Frýdek;Frýdek;2014;1021;46,86;422;599;;
;Frýdek;Frýdek;2019;851;45,48;365;486;;
;Frýdek;Frýdek;2024;648;47,17;283;365;0;
65;Frýdek;Hnojník;1999;568;40,50;232;336;;
;Frýdek;Hnojník;2004;506;42,44;208;298;;
;Frýdek;Hnojník;2009;444;44,60;174;270;;
;Frýdek;Hnojník;2014;486;46,76;203;283;;
;Frýdek;Hnojník;2019;418;45,96;191;227;;
;Frýdek;Hnojník;2024;261;49,07;112;149;0;
66;Frýdek;Horní Lomná;1999;242;34,64;109;133;;
;Frýdek;Horní Lomná;2004;235;33,70;107;128;;
;Frýdek;Horní Lomná;2009;233;36,97;101;132;;
;Frýdek;Horní Lomná;2014;214;42,80;96;118;;
;Frýdek;Horní Lomná;2019;208;43,50;93;115;;
;Frýdek;Horní Lomná;2024;132;46,62;63;69;0;
67;Frýdek;Jablunkov;1999;3627;39,65;1418;2209;;
;Frýdek;Jablunkov;2004;3479;40,45;1385;2094;;
;Frýdek;Jablunkov;2009;3280;42,38;1255;2025;;
;Frýdek;Jablunkov;2014;2771;44,30;1106;1665;;
;Frýdek;Jablunkov;2019;2707;44,06;1087;1620;;
;Frýdek;Jablunkov;2024;2391;44,44;972;1394;25;
68;Frýdek;Janovice;1999;111;44,32;36;75;;
;Frýdek;Janovice;2004;112;55,18;38;74;;
;Frýdek;Janovice;2009;116;49,34;49;67;;
;Frýdek;Janovice;2014;84;47,50;38;46;;
;Frýdek;Janovice;2019;100;45,40;48;52;;
;Frýdek;Janovice;2024;51;54,22;20;30;1;
69;Frýdek;Morávka;1999;447;46,02;164;283;;
;Frýdek;Morávka;2004;440;45,82;163;277;;
;Frýdek;Morávka;2009;420;45,98;164;256;;
;Frýdek;Morávka;2014;374;47,72;145;229;;
;Frýdek;Morávka;2019;287;47,06;124;163;;
;Frýdek;Morávka;2024;234;48,78;111;123;0;
70;Frýdek;Mosty u Jablunkova;1999;642;42,93;238;404;;
;Frýdek;Mosty u Jablunkova;2004;550;44,55;203;347;;
;Frýdek;Mosty u Jablunkova;2009;559;45,60;220;339;;
;Frýdek;Mosty u Jablunkova;2014;502;46,82;203;299;;
;Frýdek;Mosty u Jablunkova;2019;481;44,02;212;269;;
;Frýdek;Mosty u Jablunkova;2024;759;43,61;311;446;2;
71;Frýdek;Ropice;1999;165;40,16;62;103;;
;Frýdek;Ropice;2004;137;43,50;48;89;;
;Frýdek;Ropice;2009;103;47,17;31;72;;
;Frýdek;Ropice;2014;110;44,36;38;72;;
;Frýdek;Ropice;2019;111;47,37;39;72;;
;Frýdek;Ropice;2024;109;45,04;47;61;1;
72;Frýdek;Sedliště;1999;140;47,66;51;89;;
;Frýdek;Sedliště;2004;154;42,25;62;92;;
;Frýdek;Sedliště;2009;123;38,56;46;77;;
;Frýdek;Sedliště;2014;88;44,44;41;47;;
;Frýdek;Sedliště;2019;84;48,08;37;47;;
;Frýdek;Sedliště;2024;52;57,37;17;35;0;
73;Frýdek;Skalice u Frýdku-Místku;1999;206;45,83;73;133;;
;Frýdek;Skalice u Frýdku-Místku;2004;269;43,87;99;170;;
;Frýdek;Skalice u Frýdku-Místku;2009;257;43,46;105;152;;
;Frýdek;Skalice u Frýdku-Místku;2014;217;44,79;90;127;;
;Frýdek;Skalice u Frýdku-Místku;2019;178;46,31;79;99;;
;Frýdek;Skalice u Frýdku-Místku;2024;122;53,22;50;72;0;
74;Frýdek;Střítež u Č.Těšína;1999;248;39,94;100;148;;
;Frýdek;Střítež u Č.Těšína;2004;245;38,22;92;153;;
;Frýdek;Střítež u Č.Těšína;2009;259;37,15;112;147;;
;Frýdek;Střítež u Č.Těšína;2014;201;39,95;85;116;;
;Frýdek;Střítež u Č.Těšína;2019;151;37,56;60;91;;
;Frýdek;Střítež u Č.Těšína;2024;216;41,44;91;123;2;
75;Frýdek;Šenov u Ostravy;1999;540;44,54;203;337;;
;Frýdek;Šenov u Ostravy;2004;577;45,05;230;347;;
;Frýdek;Šenov u Ostravy;2009;467;46,19;182;285;;
;Frýdek;Šenov u Ostravy;2014;384;48,38;152;232;;
;Frýdek;Šenov u Ostravy;2019;337;49,51;134;203;;
;Frýdek;Šenov u Ostravy;2024;220;50,08;90;130;0;
76;Frýdek;Třinec;1999;1702;41,68;652;1050;;
;Frýdek;Třinec;2004;1578;42,48;626;952;;
;Frýdek;Třinec;2009;1639;43,31;649;990;;
;Frýdek;Třinec;2014;1117;46,96;423;694;;
;Frýdek;Třinec;2019;1006;47,20;424;582;;
;Frýdek;Třinec;2024;916;47,32;405;510;1;
77;Frýdek;Vendryně;1999;673;38,84;258;415;;
;Frýdek;Vendryně;2004;674;41,65;282;392;;
;Frýdek;Vendryně;2009;655;40,67;278;377;;
;Frýdek;Vendryně;2014;691;39,59;285;406;;
;Frýdek;Vendryně;2019;593;41,65;252;341;;
;Frýdek;Vendryně;2024;530;41,08;224;306;0;
78;Frýdek;Vratimov;1999;515;46,97;181;334;;
;Frýdek;Vratimov;2004;347;51,89;128;219;;
;Frýdek;Vratimov;2009;222;55,65;74;148;;
;Frýdek;Vratimov;2014;208;53,85;75;133;;
;Frýdek;Vratimov;2019;189;51,37;78;111;;
;Frýdek;Vratimov;2024;146;47,34;66;80;0;
79;Hlučín;Bohuslavice u Hlučína;1999;1129;41,40;429;700;;
;Hlučín;Bohuslavice u Hlučína;2004;991;45,01;366;625;;
;Hlučín;Bohuslavice u Hlučína;2009;948;45,61;357;591;;
;Hlučín;Bohuslavice u Hlučína;2014;825;46,72;307;518;;
;Hlučín;Bohuslavice u Hlučína;2019;643;50,63;251;392;;
;Hlučín;Bohuslavice u Hlučína;2024;523;52,04;198;323;2;
80;Hlučín;Bolatice;1999;1011;44,45;340;671;;
;Hlučín;Bolatice;2004;957;48,20;321;636;;
;Hlučín;Bolatice;2009;902;50,74;296;606;;
;Hlučín;Bolatice;2014;753;51,53;253;500;;
;Hlučín;Bolatice;2019;649;48,36;223;426;;
;Hlučín;Bolatice;2024;526;50,94;189;337;0;
81;Hlučín;Dolní Benešov;1999;845;43,06;316;529;;
;Hlučín;Dolní Benešov;2004;654;50,06;232;422;;
;Hlučín;Dolní Benešov;2009;674;53,22;239;435;;
;Hlučín;Dolní Benešov;2014;535;51,42;185;350;;
;Hlučín;Dolní Benešov;2019;424;54,82;153;271;;
;Hlučín;Dolní Benešov;2024;286;60,46;104;182;0;
82;Hlučín;Háj ve Slezsku;1999;173;46,53;53;120;;
;Hlučín;Háj ve Slezsku;2004;185;48,69;58;127;;
;Hlučín;Háj ve Slezsku;2009;193;58,80;49;144;;
;Hlučín;Háj ve Slezsku;2014;107;52,66;34;73;;
;Hlučín;Háj ve Slezsku;2019;73;62,63;17;56;;
;Hlučín;Háj ve Slezsku;2024;46;58,96;13;33;0;
83;Hlučín;Hať;1999;1315;39,66;507;808;;
;Hlučín;Hať;2004;1066;46,55;400;666;;
;Hlučín;Hať;2009;1070;45,52;400;670;;
;Hlučín;Hať;2014;868;46,38;322;546;;
;Hlučín;Hať;2019;849;45,35;322;527;;
;Hlučín;Hať;2024;635;47,87;253;381;1;
84;Hlučín;Hlučín;1999;1258;47,73;457;801;;
;Hlučín;Hlučín;2004;1616;49,73;534;1082;;
;Hlučín;Hlučín;2009;1648;47,31;580;1068;;
;Hlučín;Hlučín;2014;1036;49,55;358;678;;
;Hlučín;Hlučín;2019;634;52,32;231;403;;
;Hlučín;Hlučín;2024;565;51,34;230;332;3;
85;Hlučín;Hrabyně;1999;215;46,14;93;122;;
;Hlučín;Hrabyně;2004;221;52,69;93;128;;
;Hlučín;Hrabyně;2009;217;51,44;92;125;;
;Hlučín;Hrabyně;2014;199;55,31;88;111;;
;Hlučín;Hrabyně;2019;288;54,02;138;150;;
;Hlučín;Hrabyně;2024;85;56,22;33;52;0;
86;Hlučín;Chuchelná;1999;443;40,34;161;282;;
;Hlučín;Chuchelná;2004;310;48,27;116;194;;
;Hlučín;Chuchelná;2009;315;49,94;107;208;;
;Hlučín;Chuchelná;2014;265;48,57;105;160;;
;Hlučín;Chuchelná;2019;205;49,47;80;125;;
;Hlučín;Chuchelná;2024;163;47,26;62;101;0;
87;Hlučín;Kobeřice;1999;1170;40,00;469;701;;
;Hlučín;Kobeřice;2004;1208;45,43;506;702;;
;Hlučín;Kobeřice;2009;1081;44,98;458;623;;
;Hlučín;Kobeřice;2014;964;44,98;471;493;;
;Hlučín;Kobeřice;2019;921;48,08;389;532;;
;Hlučín;Kobeřice;2024;736;50,93;290;446;0;
88;Hlučín;Kozmice u Hlučína;1999;412;48,56;141;271;;
;Hlučín;Kozmice u Hlučína;2004;364;50,93;141;223;;
;Hlučín;Kozmice u Hlučína;2009;347;52,37;125;222;;
;Hlučín;Kozmice u Hlučína;2014;264;52,33;87;177;;
;Hlučín;Kozmice u Hlučína;2019;250;52,07;96;154;;
;Hlučín;Kozmice u Hlučína;2024;135;59,17;51;83;1;
89;Hlučín;Kravaře;1999;1665;44,51;599;1066;;
;Hlučín;Kravaře;2004;1210;50,03;380;830;;
;Hlučín;Kravaře;2009;1194;49,25;399;795;;
;Hlučín;Kravaře;2014;1137;49,20;407;730;;
;Hlučín;Kravaře;2019;1115;51,45;433;682;;
;Hlučín;Kravaře;2024;747;53,64;291;456;0;
90;Hlučín;Ludgeřovice;1999;1153;48,13;422;731;;
;Hlučín;Ludgeřovice;2004;869;52,47;302;567;;
;Hlučín;Ludgeřovice;2009;776;52,18;275;501;;
;Hlučín;Ludgeřovice;2014;656;50,55;234;422;;
;Hlučín;Ludgeřovice;2019;642;45,69;241;401;;
;Hlučín;Ludgeřovice;2024;487;45,62;192;295;0;
91;Hlučín;Mokré Lazce;1999;232;45,44;89;143;;
;Hlučín;Mokré Lazce;2004;172;54,20;63;109;;
;Hlučín;Mokré Lazce;2009;153;55,65;59;94;;
;Hlučín;Mokré Lazce;2014;53;50,08;32;21;;
;Hlučín;Mokré Lazce;2019;104;46,73;38;66;;
;Hlučín;Mokré Lazce;2024;85;47,84;35;50;0;
92;Hlučín;Píšť;1999;770;43,64;311;459;;
;Hlučín;Píšť;2004;659;49,06;248;411;;
;Hlučín;Píšť;2009;548;52,29;211;337;;
;Hlučín;Píšť;2014;386;57,21;142;244;;
;Hlučín;Píšť;2019;310;55,42;111;199;;
;Hlučín;Píšť;2024;239;56,30;89;150;0;
93;Hlučín;Pustá Polom;1999;396;48,36;139;257;;
;Hlučín;Pustá Polom;2004;367;52,04;137;230;;
;Hlučín;Pustá Polom;2009;330;52,00;115;215;;
;Hlučín;Pustá Polom;2014;357;45,33;137;220;;
;Hlučín;Pustá Polom;2019;284;45,94;104;180;;
;Hlučín;Pustá Polom;2024;261;44,80;108;153;0;
94;Hlučín;Strahovice;1999;466;40,69;198;268;;
;Hlučín;Strahovice;2004;369;43,59;163;206;;
;Hlučín;Strahovice;2009;333;44,53;138;195;;
;Hlučín;Strahovice;2014;375;43,91;165;210;;
;Hlučín;Strahovice;2019;286;47,75;123;163;;
;Hlučín;Strahovice;2024;226;50,50;88;138;0;
95;Hlučín;Sudice;1999;472;40,79;185;287;;
;Hlučín;Sudice;2004;370;44,66;145;225;;
;Hlučín;Sudice;2009;329;47,52;127;202;;
;Hlučín;Sudice;2014;324;48,53;128;196;;
;Hlučín;Sudice;2019;187;51,38;75;112;;
;Hlučín;Sudice;2024;113;51,50;36;77;0;
96;Hlučín;Šilheřovice;1999;437;44,53;144;293;;
;Hlučín;Šilheřovice;2004;451;48,36;171;280;;
;Hlučín;Šilheřovice;2009;395;50,44;138;257;;
;Hlučín;Šilheřovice;2014;294;50,94;101;193;;
;Hlučín;Šilheřovice;2019;259;49,80;108;151;;
;Hlučín;Šilheřovice;2024;205;50,09;82;122;1;
97;Hlučín;Štěpánkovice;1999;1175;41,35;447;728;;
;Hlučín;Štěpánkovice;2004;942;45,79;333;609;;
;Hlučín;Štěpánkovice;2009;835;47,59;266;569;;
;Hlučín;Štěpánkovice;2014;807;47,91;288;519;;
;Hlučín;Štěpánkovice;2019;623;48,54;213;410;;
;Hlučín;Štěpánkovice;2024;555;51,29;196;358;1;
98;Hlučín;Třebom;1999;28;42,43;8;20;;
;Hlučín;Třebom;2004;55;43,47;26;29;;
;Hlučín;Třebom;2009;42;35,86;20;22;;
;Hlučín;Třebom;2014;88;40,74;28;60;;
;Hlučín;Třebom;2019;63;43,00;29;34;;
;Hlučín;Třebom;2024;47;47,11;19;28;0;
99;Hlučín;Velká Polom;1999;218;46,88;73;145;;
;Hlučín;Velká Polom;2004;121;51,32;38;83;;
;Hlučín;Velká Polom;2009;231;51,69;78;153;;
;Hlučín;Velká Polom;2014;242;47,58;85;157;;
;Hlučín;Velká Polom;2019;205;44,48;136;69;;
;Hlučín;Velká Polom;2024;133;53,48;47;86;0;
100;Hlučín;Vřesina;1999;457;43,30;195;262;;
;Hlučín;Vřesina;2004;356;47,58;136;220;;
;Hlučín;Vřesina;2009;302;46,69;114;188;;
;Hlučín;Vřesina;2014;276;48,20;108;168;;
;Hlučín;Vřesina;2019;202;51,26;81;121;;
;Hlučín;Vřesina;2024;201;49,48;80;121;0;
101;Jeseník;Bernartice u Javorníka;1999;19;44,89;6;13;;
;Jeseník;Bernartice u Javorníka;2004;17;50,53;5;12;;
;Jeseník;Bernartice u Javorníka;2009;29;39,38;11;18;;
;Jeseník;Bernartice u Javorníka;2014;31;42,10;10;21;;
;Jeseník;Bernartice u Javorníka;2019;22;44,95;6;16;;
;Jeseník;Bernartice u Javorníka;2024;30;34,73;14;16;0;
102;Jeseník;Bílá Voda;1999;100;57,56;19;81;;
;Jeseník;Bílá Voda;2004;44;55,09;19;25;;
;Jeseník;Bílá Voda;2009;88;42,61;42;46;;
;Jeseník;Bílá Voda;2014;71;55,72;34;37;;
;Jeseník;Bílá Voda;2019;31;49,06;18;13;;
;Jeseník;Bílá Voda;2024;20;49,55;15;5;0;
103;Jeseník;Bílý Potok;1999;19;46,42;8;11;;
;Jeseník;Bílý Potok;2004;9;49,78;3;6;;
;Jeseník;Bílý Potok;2009;9;58,00;2;7;;
;Jeseník;Bílý Potok;2014;4;65,25;0;4;;
;Jeseník;Bílý Potok;2019;0;0,00;0;0;;
;Jeseník;Bílý Potok;2024;0;0,00;0;0;0;
104;Jeseník;Černá Voda;1999;36;50,28;10;26;;
;Jeseník;Černá Voda;2004;34;57,47;10;24;;
;Jeseník;Černá Voda;2009;29;62,76;7;22;;
;Jeseník;Černá Voda;2014;25;65,52;5;20;;
;Jeseník;Černá Voda;2019;8;72,50;5;3;;
;Jeseník;Černá Voda;2024;6;72,50;3;3;0;
105;Jeseník;Česká Ves;1999;62;37,82;26;36;;
;Jeseník;Česká Ves;2004;54;41,17;19;35;;
;Jeseník;Česká Ves;2009;83;40,69;33;50;;
;Jeseník;Česká Ves;2014;66;39,97;26;40;;
;Jeseník;Česká Ves;2019;93;36,24;36;57;;
;Jeseník;Česká Ves;2024;41;47,54;15;26;0;
106;Jeseník;Dolní Domašov;1999;45;40,29;17;28;;
;Jeseník;Dolní Domašov;2004;24;38,38;5;19;;
;Jeseník;Dolní Domašov;2009;35;38,57;8;27;;
;Jeseník;Dolní Domašov;2014;36;31,89;12;24;;
;Jeseník;Dolní Domašov;2019;32;39,23;13;19;;
;Jeseník;Dolní Domašov;2024;20;42,00;9;11;0;
107;Jeseník;Horní Domašov;1999;13;70,31;3;10;;
;Jeseník;Horní Domašov;2004;12;72,50;2;10;;
;Jeseník;Horní Domašov;2009;10;66,90;3;7;;
;Jeseník;Horní Domašov;2014;6;75,17;1;5;;
;Jeseník;Horní Domašov;2019;0;0,00;0;0;;
;Jeseník;Horní Domašov;2024;0;0,00;0;0;0;
108;Jeseník;Javorník ve Slezsku;1999;95;47,27;35;60;;
;Jeseník;Javorník ve Slezsku;2004;149;47,37;57;92;;
;Jeseník;Javorník ve Slezsku;2009;161;51,47;74;87;;
;Jeseník;Javorník ve Slezsku;2014;97;53,46;33;64;;
;Jeseník;Javorník ve Slezsku;2019;93;57,32;38;55;;
;Jeseník;Javorník ve Slezsku;2024;79;60,06;37;42;0;
109;Jeseník;Jeseník;1999;231;43,97;87;144;;
;Jeseník;Jeseník;2004;162;47,98;63;99;;
;Jeseník;Jeseník;2009;185;47,56;58;127;;
;Jeseník;Jeseník;2014;181;49,06;61;120;;
;Jeseník;Jeseník;2019;190;52,22;77;113;;
;Jeseník;Jeseník;2024;196;41,29;81;115;0;
110;Jeseník;Kobylá nad Vidnavkou;1999;25;45,60;9;16;;
;Jeseník;Kobylá nad Vidnavkou;2004;19;43,79;4;15;;
;Jeseník;Kobylá nad Vidnavkou;2009;42;70,10;7;35;;
;Jeseník;Kobylá nad Vidnavkou;2014;43;68,23;7;36;;
;Jeseník;Kobylá nad Vidnavkou;2019;22;57,14;3;19;;
;Jeseník;Kobylá nad Vidnavkou;2024;15;65,87;3;12;0;
111;Jeseník;Lipová-lázně;1999;79;46,87;36;43;;
;Jeseník;Lipová-lázně;2004;63;57,06;16;47;;
;Jeseník;Lipová-lázně;2009;52;59,23;21;31;;
;Jeseník;Lipová-lázně;2014;57;50,33;16;41;;
;Jeseník;Lipová-lázně;2019;55;52,95;21;34;;
;Jeseník;Lipová-lázně;2024;33;60,58;15;18;0;
112;Jeseník;Mikulovice;1999;68;45,97;32;36;;
;Jeseník;Mikulovice;2004;90;45,49;35;55;;
;Jeseník;Mikulovice;2009;83;46,77;34;49;;
;Jeseník;Mikulovice;2014;76;43,57;30;46;;
;Jeseník;Mikulovice;2019;67;34,07;25;42;;
;Jeseník;Mikulovice;2024;32;52,22;16;16;0;
113;Jeseník;Písečná;1999;49;33,29;20;29;;
;Jeseník;Písečná;2004;18;45,22;7;11;;
;Jeseník;Písečná;2009;25;45,40;10;15;;
;Jeseník;Písečná;2014;29;40,62;12;17;;
;Jeseník;Písečná;2019;42;32,38;18;24;;
;Jeseník;Písečná;2024;28;38,71;11;17;0;
114;Jeseník;Skorošice;1999;37;40,49;15;22;;
;Jeseník;Skorošice;2004;44;47,70;15;29;;
;Jeseník;Skorošice;2009;34;43,74;14;20;;
;Jeseník;Skorošice;2014;43;41,47;14;29;;
;Jeseník;Skorošice;2019;31;47,45;12;19;;
;Jeseník;Skorošice;2024;30;45,27;13;17;0;
115;Jeseník;Stará Červená Voda;1999;9;63,00;2;7;;
;Jeseník;Stará Červená Voda;2004;7;68,57;1;6;;
;Jeseník;Stará Červená Voda;2009;8;71,13;1;7;;
;Jeseník;Stará Červená Voda;2014;8;58,50;3;5;;
;Jeseník;Stará Červená Voda;2019;23;46,26;6;17;;
;Jeseník;Stará Červená Voda;2024;9;57,22;2;7;0;
116;Jeseník;Supíkovice;1999;27;53,30;5;22;;
;Jeseník;Supíkovice;2004;18;55,11;5;13;;
;Jeseník;Supíkovice;2009;16;64,25;4;12;;
;Jeseník;Supíkovice;2014;16;71,56;5;11;;
;Jeseník;Supíkovice;2019;21;52,38;6;15;;
;Jeseník;Supíkovice;2024;23;38,17;13;10;0;
117;Jeseník;Široký Brod;1999;13;62,23;4;9;;
;Jeseník;Široký Brod;2004;10;56,60;3;7;;
;Jeseník;Široký Brod;2009;12;51,83;3;9;;
;Jeseník;Široký Brod;2014;20;42,95;11;9;;
;Jeseník;Široký Brod;2019;8;65,88;4;4;;
;Jeseník;Široký Brod;2024;3;63,00;2;1;0;
118;Jeseník;Travná;1999;;;;;;
;Jeseník;Travná;2004;;;;;;
;Jeseník;Travná;2009;;;;;;
;Jeseník;Travná;2014;;;;;;
;Jeseník;Travná;2019;23;45,57;11;12;;
;Jeseník;Travná;2024;0;0,00;0;0;0;
119;Jeseník;Uhelná;1999;28;47,68;8;20;;
;Jeseník;Uhelná;2004;57;50,12;18;39;;
;Jeseník;Uhelná;2009;54;51,85;21;33;;
;Jeseník;Uhelná;2014;25;58,36;5;20;;
;Jeseník;Uhelná;2019;16;55,06;3;13;;
;Jeseník;Uhelná;2024;17;62,65;5;12;0;
120;Jeseník;Vápenná;1999;26;58,35;2;24;;
;Jeseník;Vápenná;2004;31;53,77;6;25;;
;Jeseník;Vápenná;2009;21;55,38;5;16;;
;Jeseník;Vápenná;2014;21;50,14;5;16;;
;Jeseník;Vápenná;2019;7;69,00;1;6;;
;Jeseník;Vápenná;2024;8;59,63;4;4;0;
121;Jeseník;Velké Kunětice;1999;10;49,90;2;8;;
;Jeseník;Velké Kunětice;2004;9;71,22;1;8;;
;Jeseník;Velké Kunětice;2009;11;72,91;1;10;;
;Jeseník;Velké Kunětice;2014;11;67,27;2;9;;
;Jeseník;Velké Kunětice;2019;14;48,21;4;10;;
;Jeseník;Velké Kunětice;2024;10;56,80;1;9;0;
122;Jeseník;Vidnava;1999;48;53,35;15;33;;
;Jeseník;Vidnava;2004;46;53,09;18;28;;
;Jeseník;Vidnava;2009;59;63,58;15;44;;
;Jeseník;Vidnava;2014;49;69,57;14;35;;
;Jeseník;Vidnava;2019;40;69,75;7;33;;
;Jeseník;Vidnava;2024;15;62,33;3;12;0;
123;Jeseník;Vlčice;1999;36;40,08;13;23;;
;Jeseník;Vlčice;2004;29;44,38;9;20;;
;Jeseník;Vlčice;2009;25;41,56;11;14;;
;Jeseník;Vlčice;2014;30;42,53;15;15;;
;Jeseník;Vlčice;2019;24;46,58;9;15;;
;Jeseník;Vlčice;2024;25;41,20;16;9;0;
124;Jeseník;Zálesí;1999;;;;;;
;Jeseník;Zálesí;2004;;;;;;
;Jeseník;Zálesí;2009;;;;;;
;Jeseník;Zálesí;2014;;;;;;
;Jeseník;Zálesí;2019;0;0,00;0;0;;
;Jeseník;Zálesí;2024;0;0,00;0;0;0;
125;Jeseník;Žulová;1999;15;63,47;4;11;;
;Jeseník;Žulová;2004;21;49,90;6;15;;
;Jeseník;Žulová;2009;31;66,35;8;23;;
;Jeseník;Žulová;2014;37;51,27;15;22;;
;Jeseník;Žulová;2019;10;66,30;3;7;;
;Jeseník;Žulová;2024;0;0,00;0;0;0;
126;Jeseník;Ondřejovice;1999;;;;;;
;Jeseník;Ondřejovice;2004;23;59,13;5;18;;
;Jeseník;Ondřejovice;2009;14;55,86;2;12;;
;Jeseník;Ondřejovice;2014;6;53,50;0;6;;
;Jeseník;Ondřejovice;2019;5;69,60;0;5;;
;Jeseník;Ondřejovice;2024;3;63,33;0;3;0;
127;Jeseník;Zlaté Hory;1999;99;46,45;;;;
;Jeseník;Zlaté Hory;2004;110;49,59;38;72;;
;Jeseník;Zlaté Hory;2009;76;49,04;25;51;;
;Jeseník;Zlaté Hory;2014;72;46,68;27;45;;
;Jeseník;Zlaté Hory;2019;38;56,92;14;24;;
;Jeseník;Zlaté Hory;2024;45;52,89;22;22;1;
128;Jeseník;Maria Hilf;1999;;;;;;
;Jeseník;Maria Hilf;2004;41;39,80;;;;
;Jeseník;Maria Hilf;2009;46;46,59;18;28;;
;Jeseník;Maria Hilf;2014;123;32,26;60;63;;
;Jeseník;Maria Hilf;2019;81;48,04;41;40;;
;Jeseník;Maria Hilf;2024;26;35,42;14;12;0;
129;Karviná;Albrechtice u Č.Těšína;1999;337;47,24;128;209;;
;Karviná;Albrechtice u Č.Těšína;2004;324;46,85;122;202;;
;Karviná;Albrechtice u Č.Těšína;2009;279;50,54;105;174;;
;Karviná;Albrechtice u Č.Těšína;2014;259;47,58;97;162;;
;Karviná;Albrechtice u Č.Těšína;2019;219;50,47;80;139;;
;Karviná;Albrechtice u Č.Těšína;2024;183;50,54;67;116;0;
130;Karviná;Bohumín-Nový Bohumín;1999;660;52,83;188;472;;
;Karviná;Bohumín-Nový Bohumín;2004;493;55,43;136;357;;
;Karviná;Bohumín-Nový Bohumín;2009;502;57,01;171;331;;
;Karviná;Bohumín-Nový Bohumín;2014;353;55,80;114;239;;
;Karviná;Bohumín-Nový Bohumín;2019;228;56,48;77;151;;
;Karviná;Bohumín-Nový Bohumín;2024;164;50,40;62;102;0;
131;Karviná;Bohumín-Starý Bohumín;1999;163;53,88;48;115;;
;Karviná;Bohumín-Starý Bohumín;2004;163;52,10;44;119;;
;Karviná;Bohumín-Starý Bohumín;2009;210;51,30;63;147;;
;Karviná;Bohumín-Starý Bohumín;2014;222;53,45;70;152;;
;Karviná;Bohumín-Starý Bohumín;2019;207;51,68;81;126;;
;Karviná;Bohumín-Starý Bohumín;2024;153;58,97;59;94;0;
132;Karviná;Český Těšín;1999;2228;43,00;852;1376;;
;Karviná;Český Těšín;2004;1920;42,74;769;1151;;
;Karviná;Český Těšín;2009;1684;43,40;649;1035;;
;Karviná;Český Těšín;2014;1378;42,64;564;814;;
;Karviná;Český Těšín;2019;1360;44,90;553;807;;
;Karviná;Český Těšín;2024;1043;45,61;453;588;2;
133;Karviná;Dětmarovice;1999;104;55,10;27;77;;
;Karviná;Dětmarovice;2004;96;54,50;26;70;;
;Karviná;Dětmarovice;2009;107;54,40;36;71;;
;Karviná;Dětmarovice;2014;64;60,72;17;47;;
;Karviná;Dětmarovice;2019;91;45,26;27;64;;
;Karviná;Dětmarovice;2024;41;65,88;14;27;0;
134;Karviná;Dolní Lutyně;1999;451;50,82;126;325;;
;Karviná;Dolní Lutyně;2004;449;52,56;144;305;;
;Karviná;Dolní Lutyně;2009;355;55,22;102;253;;
;Karviná;Dolní Lutyně;2014;398;54,65;131;267;;
;Karviná;Dolní Lutyně;2019;322;53,85;107;215;;
;Karviná;Dolní Lutyně;2024;283;51,84;97;186;0;
135;Karviná;Doubrava;1999;85;50,34;29;56;;
;Karviná;Doubrava;2004;52;56,12;17;35;;
;Karviná;Doubrava;2009;56;55,34;22;34;;
;Karviná;Doubrava;2014;36;56,14;13;23;;
;Karviná;Doubrava;2019;29;64,79;13;16;;
;Karviná;Doubrava;2024;22;60,32;9;13;0;
136;Karviná;Havířov - sv. Anna;1999;1191;48,54;389;802;;
;Karviná;Havířov - sv. Anna;2004;985;51,75;321;664;;
;Karviná;Havířov - sv. Anna;2009;822;52,59;265;557;;
;Karviná;Havířov - sv. Anna;2014;585;53,35;193;392;;
;Karviná;Havířov - sv. Anna;2019;603;51,14;210;393;;
;Karviná;Havířov - sv. Anna;2024;436;50,03;168;268;0;
137;Karviná;Havířov - sv. Markéta;1999;225;44,17;85;140;;
;Karviná;Havířov - sv. Markéta;2004;193;48,55;76;117;;
;Karviná;Havířov - sv. Markéta;2009;187;48,49;84;103;;
;Karviná;Havířov - sv. Markéta;2014;146;52,00;61;85;;
;Karviná;Havířov - sv. Markéta;2019;100;54,64;38;62;;
;Karviná;Havířov - sv. Markéta;2024;77;51,48;36;41;0;
138;Karviná;Havířov - Prostřední Suchá;1999;77;47,88;29;48;;
;Karviná;Havířov - Prostřední Suchá;2004;71;49,58;32;39;;
;Karviná;Havířov - Prostřední Suchá;2009;90;48,23;42;48;;
;Karviná;Havířov - Prostřední Suchá;2014;75;48,77;31;44;;
;Karviná;Havířov - Prostřední Suchá;2019;58;59,81;24;34;;
;Karviná;Havířov - Prostřední Suchá;2024;38;55,45;18;20;0;
139;Karviná;Horní Suchá;1999;225;47,92;75;150;;
;Karviná;Horní Suchá;2004;223;46,75;79;144;;
;Karviná;Horní Suchá;2009;179;49,36;60;119;;
;Karviná;Horní Suchá;2014;172;47,39;52;120;;
;Karviná;Horní Suchá;2019;125;49,88;48;77;;
;Karviná;Horní Suchá;2024;102;50,29;36;66;0;
140;Karviná;Karviná;1999;2815;47,34;998;1817;;
;Karviná;Karviná;2004;2064;50,18;740;1324;;
;Karviná;Karviná;2009;1680;53,31;590;1090;;
;Karviná;Karviná;2014;1218;56,14;409;809;;
;Karviná;Karviná;2019;1109;55,68;394;715;;
;Karviná;Karviná;2024;713;52,31;278;435;0;
141;Karviná;Karviná-Doly;1999;84;40,81;37;47;;
;Karviná;Karviná-Doly;2004;53;50,19;23;30;;
;Karviná;Karviná-Doly;2009;74;45,77;26;48;;
;Karviná;Karviná-Doly;2014;39;53,82;20;19;;
;Karviná;Karviná-Doly;2019;46;52,46;24;22;;
;Karviná;Karviná-Doly;2024;46;57,63;19;27;0;
142;Karviná;Louky nad Olší;1999;71;48,75;23;48;;
;Karviná;Louky nad Olší;2004;80;51,89;35;45;;
;Karviná;Louky nad Olší;2009;65;48,52;26;39;;
;Karviná;Louky nad Olší;2014;54;50,46;22;32;;
;Karviná;Louky nad Olší;2019;55;52,38;23;32;;
;Karviná;Louky nad Olší;2024;41;61,22;21;20;0;
143;Karviná;Orlová;1999;319;46,02;116;203;;
;Karviná;Orlová;2004;304;42,36;118;186;;
;Karviná;Orlová;2009;265;47,57;108;157;;
;Karviná;Orlová;2014;175;57,18;67;108;;
;Karviná;Orlová;2019;150;57,33;55;95;;
;Karviná;Orlová;2024;78;52,69;27;51;0;
144;Karviná;Petrovice u Karviné;1999;426;45,63;179;247;;
;Karviná;Petrovice u Karviné;2004;435;47,60;173;262;;
;Karviná;Petrovice u Karviné;2009;388;50,82;151;237;;
;Karviná;Petrovice u Karviné;2014;232;49,79;81;151;;
;Karviná;Petrovice u Karviné;2019;236;55,34;96;140;;
;Karviná;Petrovice u Karviné;2024;139;54,18;51;88;0;
145;Karviná;Petřvald u Karviné;1999;99;53,36;32;67;;
;Karviná;Petřvald u Karviné;2004;86;60,13;25;61;;
;Karviná;Petřvald u Karviné;2009;65;57,35;21;44;;
;Karviná;Petřvald u Karviné;2014;80;49,04;30;50;;
;Karviná;Petřvald u Karviné;2019;81;50,77;25;56;;
;Karviná;Petřvald u Karviné;2024;40;56,50;12;26;2;
146;Karviná;Rychvald u Karviné;1999;128;52,03;38;90;;
;Karviná;Rychvald u Karviné;2004;139;51,44;42;97;;
;Karviná;Rychvald u Karviné;2009;99;52,54;31;68;;
;Karviná;Rychvald u Karviné;2014;104;55,59;38;66;;
;Karviná;Rychvald u Karviné;2019;109;49,22;40;69;;
;Karviná;Rychvald u Karviné;2024;75;51,68;28;47;0;
147;Karviná;Stonava;1999;180;48,01;76;104;;
;Karviná;Stonava;2004;171;50,71;75;96;;
;Karviná;Stonava;2009;122;50,37;48;74;;
;Karviná;Stonava;2014;86;48,93;36;50;;
;Karviná;Stonava;2019;75;49,39;28;47;;
;Karviná;Stonava;2024;75;58,09;33;42;0;
148;Karviná;Těrlicko;1999;234;41,45;89;145;;
;Karviná;Těrlicko;2004;205;39,04;88;117;;
;Karviná;Těrlicko;2009;270;43,29;114;156;;
;Karviná;Těrlicko;2014;257;45,00;100;157;;
;Karviná;Těrlicko;2019;203;48,18;94;109;;
;Karviná;Těrlicko;2024;135;53,56;59;76;0;
149;Karviná;Havířov-Šumbark;1999;;;;;;
;Karviná;Havířov-Šumbark;2004;195;43,75;72;123;;
;Karviná;Havířov-Šumbark;2009;247;46,97;91;156;;
;Karviná;Havířov-Šumbark;2014;211;47,29;74;137;;
;Karviná;Havířov-Šumbark;2019;142;53,53;57;85;;
;Karviná;Havířov-Šumbark;2024;101;50,22;49;52;0;
150;Krnov;Bohušov;1999;35;52,09;10;25;;
;Krnov;Bohušov;2004;43;49,23;16;27;;
;Krnov;Bohušov;2009;25;52,60;7;18;;
;Krnov;Bohušov;2014;25;49,88;7;18;;
;Krnov;Bohušov;2019;20;49,95;6;14;;
;Krnov;Bohušov;2024;16;69,19;6;10;0;
151;Krnov;Brantice;1999;19;46,89;4;15;;
;Krnov;Brantice;2004;14;53,29;0;14;;
;Krnov;Brantice;2009;10;65,20;1;9;;
;Krnov;Brantice;2014;10;66,30;2;8;;
;Krnov;Brantice;2019;7;60,86;3;4;;
;Krnov;Brantice;2024;0;0,00;0;0;0;
152;Krnov;Býkov;1999;;;;;;
;Krnov;Býkov;2004;;;;;;
;Krnov;Býkov;2009;;;;;;
;Krnov;Býkov;2014;;;;;;
;Krnov;Býkov;2019;2;37,50;0;2;;
;Krnov;Býkov;2024;0;0,00;0;0;0;
153;Krnov;Heřmanovice;1999;7;38,71;4;3;;
;Krnov;Heřmanovice;2004;;;;;;
;Krnov;Heřmanovice;2009;;;;;;
;Krnov;Heřmanovice;2014;13;60,46;3;10;;
;Krnov;Heřmanovice;2019;17;54,47;8;9;;
;Krnov;Heřmanovice;2024;12;53,83;1;11;0;
154;Krnov;Holčovice;1999;14;61,86;5;9;;
;Krnov;Holčovice;2004;20;38,95;6;14;;
;Krnov;Holčovice;2009;10;67,10;5;5;;
;Krnov;Holčovice;2014;24;41,71;14;10;;
;Krnov;Holčovice;2019;23;57,96;10;13;;
;Krnov;Holčovice;2024;7;68,71;3;4;0;
155;Krnov;Hošťálkovy;1999;10;62,70;2;8;;
;Krnov;Hošťálkovy;2004;24;47,00;4;20;;
;Krnov;Hošťálkovy;2009;12;52,42;2;10;;
;Krnov;Hošťálkovy;2014;17;41,94;4;13;;
;Krnov;Hošťálkovy;2019;11;45,45;2;9;;
;Krnov;Hošťálkovy;2024;8;43,75;1;6;1;
156;Krnov;Hrozová;1999;28;53,32;15;13;;
;Krnov;Hrozová;2004;16;61,31;5;11;;
;Krnov;Hrozová;2009;15;56,67;5;10;;
;Krnov;Hrozová;2014;14;67,07;7;7;;
;Krnov;Hrozová;2019;10;67,20;5;5;;
;Krnov;Hrozová;2024;10;73,00;4;6;0;
157;Krnov;Hynčice;1999;26;40,42;3;23;;
;Krnov;Hynčice;2004;28;45,18;8;20;;
;Krnov;Hynčice;2009;15;54,00;4;11;;
;Krnov;Hynčice;2014;7;43,71;2;5;;
;Krnov;Hynčice;2019;9;56,22;2;7;;
;Krnov;Hynčice;2024;9;62,22;2;7;0;
158;Krnov;Janov ve Slezsku;1999;6;63,17;3;3;;
;Krnov;Janov ve Slezsku;2004;10;63,50;6;4;;
;Krnov;Janov ve Slezsku;2009;12;53,42;5;7;;
;Krnov;Janov ve Slezsku;2014;;;;;;
;Krnov;Janov ve Slezsku;2019;2;37,50;0;2;;
;Krnov;Janov ve Slezsku;2024;5;73,80;3;2;0;
159;Krnov;Jindřichov u Krnova;1999;17;55,71;5;12;;
;Krnov;Jindřichov u Krnova;2004;17;55,82;3;14;;
;Krnov;Jindřichov u Krnova;2009;14;65,29;6;8;;
;Krnov;Jindřichov u Krnova;2014;13;55,85;3;10;;
;Krnov;Jindřichov u Krnova;2019;7;74,57;0;7;;
;Krnov;Jindřichov u Krnova;2024;11;79,27;2;9;0;
160;Krnov;Krasov;1999;11;66,55;2;9;;
;Krnov;Krasov;2004;14;64,79;0;14;;
;Krnov;Krasov;2009;11;66,00;2;9;;
;Krnov;Krasov;2014;11;61,09;3;8;;
;Krnov;Krasov;2019;22;41,82;6;16;;
;Krnov;Krasov;2024;5;66,20;1;4;0;
161;Krnov;Krnov;1999;498;50,10;180;318;;
;Krnov;Krnov;2004;407;51,87;163;244;;
;Krnov;Krnov;2009;345;51,86;128;217;;
;Krnov;Krnov;2014;333;53,16;129;204;;
;Krnov;Krnov;2019;281;56,50;104;177;;
;Krnov;Krnov;2024;142;56,54;59;83;0;
162;Krnov;Krnov - Kostelec;1999;59;46,10;23;36;;
;Krnov;Krnov - Kostelec;2004;63;53,90;22;41;;
;Krnov;Krnov - Kostelec;2009;60;55,90;27;33;;
;Krnov;Krnov - Kostelec;2014;59;57,81;27;32;;
;Krnov;Krnov - Kostelec;2019;48;61,21;24;24;;
;Krnov;Krnov - Kostelec;2024;34;56,76;17;17;0;
163;Krnov;Lichnov u Bruntálu;1999;28;41,64;13;15;;
;Krnov;Lichnov u Bruntálu;2004;34;40,74;10;24;;
;Krnov;Lichnov u Bruntálu;2009;42;43,26;13;29;;
;Krnov;Lichnov u Bruntálu;2014;39;37,92;14;25;;
;Krnov;Lichnov u Bruntálu;2019;9;36,11;3;6;;
;Krnov;Lichnov u Bruntálu;2024;17;38,41;5;12;0;
164;Krnov;Linhartovy;1999;25;55,96;7;18;;
;Krnov;Linhartovy;2004;11;72,55;3;8;;
;Krnov;Linhartovy;2009;15;73,93;6;9;;
;Krnov;Linhartovy;2014;11;66,55;5;6;;
;Krnov;Linhartovy;2019;7;64,57;4;3;;
;Krnov;Linhartovy;2024;7;70,71;3;4;0;
165;Krnov;Liptaň;1999;20;45,95;9;11;;
;Krnov;Liptaň;2004;18;50,56;8;10;;
;Krnov;Liptaň;2009;21;51,71;9;12;;
;Krnov;Liptaň;2014;6;71,33;1;5;;
;Krnov;Liptaň;2019;5;54,60;1;4;;
;Krnov;Liptaň;2024;11;57,73;2;9;0;
166;Krnov;Město Albrechtice;1999;113;64,70;19;94;;
;Krnov;Město Albrechtice;2004;151;57,72;33;118;;
;Krnov;Město Albrechtice;2009;140;57,37;30;110;;
;Krnov;Město Albrechtice;2014;102;62,77;24;78;;
;Krnov;Město Albrechtice;2019;67;46,84;25;42;;
;Krnov;Město Albrechtice;2024;64;62,61;19;45;0;
167;Krnov;Osoblaha;1999;28;41,54;12;16;;
;Krnov;Osoblaha;2004;51;45,59;15;36;;
;Krnov;Osoblaha;2009;26;59,23;3;23;;
;Krnov;Osoblaha;2014;23;45,48;7;16;;
;Krnov;Osoblaha;2019;26;64,38;8;18;;
;Krnov;Osoblaha;2024;23;75,17;5;18;0;
168;Krnov;Petrovice u Krnova;1999;;;;;;
;Krnov;Petrovice u Krnova;2004;;;;;;
;Krnov;Petrovice u Krnova;2009;;;;;;
;Krnov;Petrovice u Krnova;2014;14;38,86;5;9;;
;Krnov;Petrovice u Krnova;2019;12;50,83;3;9;;
;Krnov;Petrovice u Krnova;2024;8;23,50;4;4;0;
169;Krnov;Pitárné;1999;15;28,73;4;11;;
;Krnov;Pitárné;2004;22;45,95;9;13;;
;Krnov;Pitárné;2009;17;52,12;10;7;;
;Krnov;Pitárné;2014;10;60,30;4;6;;
;Krnov;Pitárné;2019;7;43,00;3;4;;
;Krnov;Pitárné;2024;10;46,90;6;4;0;
170;Krnov;Slezské Rudoltice;1999;30;47,57;8;22;;
;Krnov;Slezské Rudoltice;2004;34;40,18;9;25;;
;Krnov;Slezské Rudoltice;2009;26;49,00;6;20;;
;Krnov;Slezské Rudoltice;2014;25;52,00;6;19;;
;Krnov;Slezské Rudoltice;2019;31;57,32;6;25;;
;Krnov;Slezské Rudoltice;2024;32;57,03;10;22;0;
171;Krnov;Sosnová;1999;23;47,91;7;16;;
;Krnov;Sosnová;2004;19;54,16;5;14;;
;Krnov;Sosnová;2009;23;53,04;11;12;;
;Krnov;Sosnová;2014;16;58,31;5;11;;
;Krnov;Sosnová;2019;18;62,50;5;13;;
;Krnov;Sosnová;2024;10;56,10;2;8;0;
172;Krnov;Široká Niva;1999;14;47,00;4;10;;
;Krnov;Široká Niva;2004;7;37,71;1;6;;
;Krnov;Široká Niva;2009;11;55,55;2;9;;
;Krnov;Široká Niva;2014;11;61,09;4;7;;
;Krnov;Široká Niva;2019;2;37,50;0;2;;
;Krnov;Široká Niva;2024;0;0,00;0;0;0;
173;Krnov;Třemešná;1999;35;43,94;13;22;;
;Krnov;Třemešná;2004;42;39,48;18;24;;
;Krnov;Třemešná;2009;23;36,74;11;12;;
;Krnov;Třemešná;2014;22;35,82;11;11;;
;Krnov;Třemešná;2019;23;33,43;11;12;;
;Krnov;Třemešná;2024;33;35,06;15;18;0;
174;Krnov;Úvalno;1999;23;54,70;6;17;;
;Krnov;Úvalno;2004;30;52,17;6;24;;
;Krnov;Úvalno;2009;35;51,57;13;22;;
;Krnov;Úvalno;2014;16;70,19;2;14;;
;Krnov;Úvalno;2019;11;66,18;2;9;;
;Krnov;Úvalno;2024;10;56,30;3;7;0;
175;Krnov;Vysoká u Krnova;1999;7;62,29;1;6;;
;Krnov;Vysoká u Krnova;2004;11;55,18;0;11;;
;Krnov;Vysoká u Krnova;2009;11;28,00;2;9;;
;Krnov;Vysoká u Krnova;2014;12;39,67;6;6;;
;Krnov;Vysoká u Krnova;2019;2;52,00;0;2;;
;Krnov;Vysoká u Krnova;2024;3;50,33;1;2;0;
176;Krnov;Zátor;1999;58;39,83;21;37;;
;Krnov;Zátor;2004;53;49,26;17;36;;
;Krnov;Zátor;2009;67;42,16;27;40;;
;Krnov;Zátor;2014;45;42,53;16;29;;
;Krnov;Zátor;2019;54;37,72;23;31;;
;Krnov;Zátor;2024;20;56,90;10;10;0;
177;Místek;Bílá;1999;24;44,50;6;18;;
;Místek;Bílá;2004;35;45,94;17;18;;
;Místek;Bílá;2009;41;50,68;16;25;;
;Místek;Bílá;2014;42;53,17;18;24;;
;Místek;Bílá;2019;35;44,97;15;20;;
;Místek;Bílá;2024;36;49,69;19;17;0;
178;Místek;Borová-Malenovice;1999;204;44,76;83;121;;
;Místek;Borová-Malenovice;2004;230;44,06;94;136;;
;Místek;Borová-Malenovice;2009;186;46,01;75;111;;
;Místek;Borová-Malenovice;2014;205;44,77;88;117;;
;Místek;Borová-Malenovice;2019;270;44,07;113;157;;
;Místek;Borová-Malenovice;2024;112;51,67;44;68;0;
179;Místek;Brušperk;1999;240;50,18;84;156;;
;Místek;Brušperk;2004;212;48,81;83;129;;
;Místek;Brušperk;2009;157;51,69;55;102;;
;Místek;Brušperk;2014;142;54,76;52;90;;
;Místek;Brušperk;2019;96;59,34;45;51;;
;Místek;Brušperk;2024;90;58,59;30;60;0;
180;Místek;Čeladná;1999;182;45,77;72;110;;
;Místek;Čeladná;2004;228;45,65;91;137;;
;Místek;Čeladná;2009;256;46,25;130;126;;
;Místek;Čeladná;2014;217;50,54;89;128;;
;Místek;Čeladná;2019;91;60,35;0;91;;
;Místek;Čeladná;2024;139;52,06;58;81;0;
181;Místek;Fryčovice;1999;174;46,79;64;110;;
;Místek;Fryčovice;2004;122;54,29;42;80;;
;Místek;Fryčovice;2009;96;54,89;33;63;;
;Místek;Fryčovice;2014;77;56,31;28;49;;
;Místek;Fryčovice;2019;80;54,69;27;53;;
;Místek;Fryčovice;2024;91;48,91;34;57;0;
182;Místek;Frýdlant nad Ostravicí;1999;782;43,91;302;480;;
;Místek;Frýdlant nad Ostravicí;2004;618;44,61;218;400;;
;Místek;Frýdlant nad Ostravicí;2009;661;47,19;262;399;;
;Místek;Frýdlant nad Ostravicí;2014;518;49,35;205;313;;
;Místek;Frýdlant nad Ostravicí;2019;278;53,99;108;170;;
;Místek;Frýdlant nad Ostravicí;2024;411;44,77;162;247;2;
183;Místek;Hukvaldy;1999;62;38,29;21;41;;
;Místek;Hukvaldy;2004;92;39,00;45;47;;
;Místek;Hukvaldy;2009;93;40,67;42;51;;
;Místek;Hukvaldy;2014;76;37,59;38;38;;
;Místek;Hukvaldy;2019;83;38,31;42;41;;
;Místek;Hukvaldy;2024;78;37,44;32;46;0;
184;Místek;Chlebovice;1999;119;45,56;55;64;;
;Místek;Chlebovice;2004;122;46,23;59;63;;
;Místek;Chlebovice;2009;113;44,16;53;60;;
;Místek;Chlebovice;2014;97;43,32;44;53;;
;Místek;Chlebovice;2019;86;49,77;38;48;;
;Místek;Chlebovice;2024;78;40,96;36;42;0;
185;Místek;Kozlovice;1999;588;43,89;236;352;;
;Místek;Kozlovice;2004;686;41,06;279;407;;
;Místek;Kozlovice;2009;629;42,21;258;371;;
;Místek;Kozlovice;2014;617;42,16;274;343;;
;Místek;Kozlovice;2019;484;44,43;200;284;;
;Místek;Kozlovice;2024;364;45,77;158;206;0;
186;Místek;Kunčice pod Ondřejníkem;1999;207;39,57;86;121;;
;Místek;Kunčice pod Ondřejníkem;2004;205;48,04;77;128;;
;Místek;Kunčice pod Ondřejníkem;2009;163;46,12;67;96;;
;Místek;Kunčice pod Ondřejníkem;2014;147;44,32;62;85;;
;Místek;Kunčice pod Ondřejníkem;2019;60;48,15;35;25;;
;Místek;Kunčice pod Ondřejníkem;2024;92;44,49;40;52;0;
187;Místek;Metylovice;1999;224;43,65;101;123;;
;Místek;Metylovice;2004;226;42,31;96;130;;
;Místek;Metylovice;2009;164;42,91;61;103;;
;Místek;Metylovice;2014;108;44,78;43;65;;
;Místek;Metylovice;2019;119;46,01;49;70;;
;Místek;Metylovice;2024;100;47,87;47;53;0;
188;Místek;Místek;1999;1315;49,33;466;849;;
;Místek;Místek;2004;1226;50,26;457;769;;
;Místek;Místek;2009;1171;50,98;431;740;;
;Místek;Místek;2014;1005;50,79;384;621;;
;Místek;Místek;2019;878;48,83;372;506;;
;Místek;Místek;2024;659;50,56;278;379;2;
189;Místek;Ostravice;1999;141;46,52;57;84;;
;Místek;Ostravice;2004;85;54,39;30;55;;
;Místek;Ostravice;2009;108;54,09;44;64;;
;Místek;Ostravice;2014;103;54,06;46;57;;
;Místek;Ostravice;2019;139;51,44;55;84;;
;Místek;Ostravice;2024;71;57,48;31;40;0;
190;Místek;Palkovice;1999;196;48,34;78;118;;
;Místek;Palkovice;2004;157;49,61;63;94;;
;Místek;Palkovice;2009;172;45,13;72;100;;
;Místek;Palkovice;2014;176;41,47;70;106;;
;Místek;Palkovice;2019;136;39,56;59;77;;
;Místek;Palkovice;2024;85;40,05;33;51;1;
191;Místek;Paskov;1999;173;47,08;55;118;;
;Místek;Paskov;2004;174;51,25;70;104;;
;Místek;Paskov;2009;157;52,62;59;98;;
;Místek;Paskov;2014;127;51,14;54;73;;
;Místek;Paskov;2019;92;55,43;35;57;;
;Místek;Paskov;2024;59;60,41;25;34;0;
192;Místek;Rychaltice;1999;237;45,53;87;150;;
;Místek;Rychaltice;2004;226;48,42;85;141;;
;Místek;Rychaltice;2009;258;46,30;99;159;;
;Místek;Rychaltice;2014;230;41,12;95;135;;
;Místek;Rychaltice;2019;158;41,09;73;85;;
;Místek;Rychaltice;2024;126;42,43;61;65;0;
193;Místek;Stará Ves nad Ondřejnicí;1999;121;49,50;26;95;;
;Místek;Stará Ves nad Ondřejnicí;2004;96;48,43;36;60;;
;Místek;Stará Ves nad Ondřejnicí;2009;112;48,25;43;69;;
;Místek;Stará Ves nad Ondřejnicí;2014;152;41,91;54;98;;
;Místek;Stará Ves nad Ondřejnicí;2019;161;38,21;66;95;;
;Místek;Stará Ves nad Ondřejnicí;2024;113;40,41;54;59;0;
194;Místek;Staříč;1999;123;47,59;41;82;;
;Místek;Staříč;2004;115;50,18;45;70;;
;Místek;Staříč;2009;108;48,60;34;74;;
;Místek;Staříč;2014;83;55,66;34;49;;
;Místek;Staříč;2019;62;60,31;23;39;;
;Místek;Staříč;2024;42;63,24;17;25;0;
195;Nový Jičín;Albrechtičky;1999;184;46,56;66;118;;
;Nový Jičín;Albrechtičky;2004;113;40,12;52;61;;
;Nový Jičín;Albrechtičky;2009;127;48,20;49;78;;
;Nový Jičín;Albrechtičky;2014;105;47,24;38;67;;
;Nový Jičín;Albrechtičky;2019;53;55,74;23;30;;
;Nový Jičín;Albrechtičky;2024;45;48,76;20;25;0;
196;Nový Jičín;Bartošovice;1999;22;44,86;7;15;;
;Nový Jičín;Bartošovice;2004;28;46,11;10;18;;
;Nový Jičín;Bartošovice;2009;39;48,82;16;23;;
;Nový Jičín;Bartošovice;2014;51;40,71;19;32;;
;Nový Jičín;Bartošovice;2019;27;53,44;11;16;;
;Nový Jičín;Bartošovice;2024;24;47,50;12;12;0;
197;Nový Jičín;Bernartice nad Odrou;1999;231;42,08;97;134;;
;Nový Jičín;Bernartice nad Odrou;2004;178;43,28;83;95;;
;Nový Jičín;Bernartice nad Odrou;2009;174;43,98;71;103;;
;Nový Jičín;Bernartice nad Odrou;2014;139;43,42;58;81;;
;Nový Jičín;Bernartice nad Odrou;2019;123;46,98;48;75;;
;Nový Jičín;Bernartice nad Odrou;2024;66;39,62;36;30;0;
198;Nový Jičín;Frenštát pod Radhoštěm;1999;558;49,18;197;361;;
;Nový Jičín;Frenštát pod Radhoštěm;2004;517;51,73;183;334;;
;Nový Jičín;Frenštát pod Radhoštěm;2009;461;53,26;158;303;;
;Nový Jičín;Frenštát pod Radhoštěm;2014;327;56,18;119;208;;
;Nový Jičín;Frenštát pod Radhoštěm;2019;333;48,00;152;181;;
;Nový Jičín;Frenštát pod Radhoštěm;2024;222;50,47;85;137;0;
199;Nový Jičín;Hodslavice;1999;336;44,32;119;217;;
;Nový Jičín;Hodslavice;2004;261;49,90;96;165;;
;Nový Jičín;Hodslavice;2009;196;51,88;69;127;;
;Nový Jičín;Hodslavice;2014;204;46,68;82;122;;
;Nový Jičín;Hodslavice;2019;187;53,36;75;112;;
;Nový Jičín;Hodslavice;2024;121;54,09;48;73;0;
200;Nový Jičín;Jeseník nad Odrou;1999;127;47,31;38;89;;
;Nový Jičín;Jeseník nad Odrou;2004;91;51,80;32;59;;
;Nový Jičín;Jeseník nad Odrou;2009;73;49,90;26;47;;
;Nový Jičín;Jeseník nad Odrou;2014;71;47,72;28;43;;
;Nový Jičín;Jeseník nad Odrou;2019;70;44,91;29;41;;
;Nový Jičín;Jeseník nad Odrou;2024;42;37,74;20;22;0;
201;Nový Jičín;Kopřivnice;1999;806;44,44;297;509;;
;Nový Jičín;Kopřivnice;2004;660;45,38;251;409;;
;Nový Jičín;Kopřivnice;2009;612;48,44;232;380;;
;Nový Jičín;Kopřivnice;2014;511;45,65;200;311;;
;Nový Jičín;Kopřivnice;2019;525;45,76;216;309;;
;Nový Jičín;Kopřivnice;2024;366;45,89;136;229;1;
202;Nový Jičín;Kunín;1999;101;41,58;35;66;;
;Nový Jičín;Kunín;2004;71;48,66;23;48;;
;Nový Jičín;Kunín;2009;69;46,62;21;48;;
;Nový Jičín;Kunín;2014;60;47,48;21;39;;
;Nový Jičín;Kunín;2019;67;49,67;22;45;;
;Nový Jičín;Kunín;2024;49;51,90;15;34;0;
203;Nový Jičín;Libhošť;1999;160;50,86;63;97;;
;Nový Jičín;Libhošť;2004;118;53,97;43;75;;
;Nový Jičín;Libhošť;2009;114;55,18;40;74;;
;Nový Jičín;Libhošť;2014;103;47,83;39;64;;
;Nový Jičín;Libhošť;2019;85;45,75;35;50;;
;Nový Jičín;Libhošť;2024;84;46,43;28;56;0;
204;Nový Jičín;Lichnov u Nového Jičína;1999;179;41,10;79;100;;
;Nový Jičín;Lichnov u Nového Jičína;2004;186;42,49;71;115;;
;Nový Jičín;Lichnov u Nového Jičína;2009;170;43,79;68;102;;
;Nový Jičín;Lichnov u Nového Jičína;2014;132;42,00;67;65;;
;Nový Jičín;Lichnov u Nového Jičína;2019;103;39,75;45;58;;
;Nový Jičín;Lichnov u Nového Jičína;2024;114;40,84;50;64;0;
205;Nový Jičín;Lubina;1999;239;39,67;112;127;;
;Nový Jičín;Lubina;2004;221;41,54;92;129;;
;Nový Jičín;Lubina;2009;212;43,67;98;114;;
;Nový Jičín;Lubina;2014;238;41,90;110;128;;
;Nový Jičín;Lubina;2019;206;40,08;97;109;;
;Nový Jičín;Lubina;2024;172;38,88;87;85;0;
206;Nový Jičín;Mořkov;1999;401;44,48;143;258;;
;Nový Jičín;Mořkov;2004;352;47,27;145;207;;
;Nový Jičín;Mořkov;2009;301;47,36;117;184;;
;Nový Jičín;Mořkov;2014;229;50,24;106;123;;
;Nový Jičín;Mořkov;2019;167;53,64;72;95;;
;Nový Jičín;Mořkov;2024;104;52,06;40;64;0;
207;Nový Jičín;Mošnov;1999;58;44,12;17;41;;
;Nový Jičín;Mošnov;2004;50;48,54;14;36;;
;Nový Jičín;Mošnov;2009;45;51,87;14;31;;
;Nový Jičín;Mošnov;2014;28;61,61;12;16;;
;Nový Jičín;Mošnov;2019;48;50,19;15;33;;
;Nový Jičín;Mošnov;2024;34;54,53;14;20;0;
208;Nový Jičín;Nový Jičín;1999;788;46,61;277;511;;
;Nový Jičín;Nový Jičín;2004;728;47,16;260;468;;
;Nový Jičín;Nový Jičín;2009;660;47,37;247;413;;
;Nový Jičín;Nový Jičín;2014;536;46,93;194;342;;
;Nový Jičín;Nový Jičín;2019;500;47,44;195;305;;
;Nový Jičín;Nový Jičín;2024;515;44,98;213;299;3;
209;Nový Jičín;Petřvald u Nového Jičína;1999;107;46,53;39;68;;
;Nový Jičín;Petřvald u Nového Jičína;2004;86;41,72;31;55;;
;Nový Jičín;Petřvald u Nového Jičína;2009;86;44,14;33;53;;
;Nový Jičín;Petřvald u Nového Jičína;2014;52;54,77;18;34;;
;Nový Jičín;Petřvald u Nového Jičína;2019;77;47,43;32;45;;
;Nový Jičín;Petřvald u Nového Jičína;2024;67;42,58;26;41;0;
210;Nový Jičín;Příbor;1999;332;45,01;123;209;;
;Nový Jičín;Příbor;2004;378;48,89;149;229;;
;Nový Jičín;Příbor;2009;284;51,17;116;168;;
;Nový Jičín;Příbor;2014;241;51,82;101;140;;
;Nový Jičín;Příbor;2019;205;48,83;91;114;;
;Nový Jičín;Příbor;2024;184;51,00;86;98;0;
211;Nový Jičín;Rybí;1999;157;42,97;61;96;;
;Nový Jičín;Rybí;2004;153;46,99;60;93;;
;Nový Jičín;Rybí;2009;121;50,81;41;80;;
;Nový Jičín;Rybí;2014;93;51,27;42;51;;
;Nový Jičín;Rybí;2019;98;46,16;41;57;;
;Nový Jičín;Rybí;2024;80;51,14;37;43;0;
212;Nový Jičín;Sedlnice;1999;53;43,06;16;37;;
;Nový Jičín;Sedlnice;2004;66;42,29;31;35;;
;Nový Jičín;Sedlnice;2009;44;46,95;14;30;;
;Nový Jičín;Sedlnice;2014;54;51,76;23;31;;
;Nový Jičín;Sedlnice;2019;38;47,24;18;20;;
;Nový Jičín;Sedlnice;2024;41;45,44;20;21;0;
213;Nový Jičín;Starý Jičín;1999;551;43,36;217;334;;
;Nový Jičín;Starý Jičín;2004;413;46,91;155;258;;
;Nový Jičín;Starý Jičín;2009;379;46,25;168;211;;
;Nový Jičín;Starý Jičín;2014;360;46,68;153;207;;
;Nový Jičín;Starý Jičín;2019;364;45,59;158;206;;
;Nový Jičín;Starý Jičín;2024;239;45,78;104;134;1;
214;Nový Jičín;Šenov u Nového Jičína;1999;85;34,41;40;45;;
;Nový Jičín;Šenov u Nového Jičína;2004;84;37,87;43;41;;
;Nový Jičín;Šenov u Nového Jičína;2009;68;40,38;28;40;;
;Nový Jičín;Šenov u Nového Jičína;2014;72;40,81;38;34;;
;Nový Jičín;Šenov u Nového Jičína;2019;83;40,01;42;41;;
;Nový Jičín;Šenov u Nového Jičína;2024;69;39,86;32;37;0;
215;Nový Jičín;Štramberk;1999;388;43,08;172;216;;
;Nový Jičín;Štramberk;2004;358;46,97;155;203;;
;Nový Jičín;Štramberk;2009;340;45,85;151;189;;
;Nový Jičín;Štramberk;2014;298;45,01;141;157;;
;Nový Jičín;Štramberk;2019;257;45,79;121;136;;
;Nový Jičín;Štramberk;2024;210;45,08;89;121;0;
216;Nový Jičín;Tichá;1999;156;48,18;70;86;;
;Nový Jičín;Tichá;2004;148;47,02;55;93;;
;Nový Jičín;Tichá;2009;109;43,23;43;66;;
;Nový Jičín;Tichá;2014;142;41,95;59;83;;
;Nový Jičín;Tichá;2019;157;45,10;64;93;;
;Nový Jičín;Tichá;2024;114;38,77;51;62;1;
217;Nový Jičín;Trnávka;1999;44;52,30;15;29;;
;Nový Jičín;Trnávka;2004;46;55,20;17;29;;
;Nový Jičín;Trnávka;2009;39;51,62;11;28;;
;Nový Jičín;Trnávka;2014;24;63,21;4;20;;
;Nový Jičín;Trnávka;2019;24;54,75;4;20;;
;Nový Jičín;Trnávka;2024;29;55,10;9;20;0;
218;Nový Jičín;Veřovice;1999;300;41,08;121;179;;
;Nový Jičín;Veřovice;2004;304;41,51;116;188;;
;Nový Jičín;Veřovice;2009;237;44,88;90;147;;
;Nový Jičín;Veřovice;2014;174;44,49;71;103;;
;Nový Jičín;Veřovice;2019;112;49,96;45;67;;
;Nový Jičín;Veřovice;2024;72;57,63;29;43;0;
219;Nový Jičín;Vlčovice;1999;179;39,85;69;110;;
;Nový Jičín;Vlčovice;2004;126;48,80;41;85;;
;Nový Jičín;Vlčovice;2009;123;49,74;44;79;;
;Nový Jičín;Vlčovice;2014;82;52,73;33;49;;
;Nový Jičín;Vlčovice;2019;84;52,46;30;54;;
;Nový Jičín;Vlčovice;2024;50;44,96;22;28;0;
220;Nový Jičín;Ženklava;1999;56;44,82;21;35;;
;Nový Jičín;Ženklava;2004;71;40,46;29;42;;
;Nový Jičín;Ženklava;2009;66;37,55;25;41;;
;Nový Jičín;Ženklava;2014;57;39,68;22;35;;
;Nový Jičín;Ženklava;2019;60;42,32;26;34;;
;Nový Jičín;Ženklava;2024;35;51,03;17;18;0;
221;Nový Jičín;Životice u Nového Jičína;1999;83;46,23;28;55;;
;Nový Jičín;Životice u Nového Jičína;2004;84;47,63;33;51;;
;Nový Jičín;Životice u Nového Jičína;2009;110;44,01;51;59;;
;Nový Jičín;Životice u Nového Jičína;2014;91;41,45;39;52;;
;Nový Jičín;Životice u Nového Jičína;2019;58;49,19;24;34;;
;Nový Jičín;Životice u Nového Jičína;2024;55;45,56;27;28;0;
222;Opava;Bohdanovice;1999;7;29,57;4;3;;
;Opava;Bohdanovice;2004;15;45,80;2;13;;
;Opava;Bohdanovice;2009;9;28,44;3;6;;
;Opava;Bohdanovice;2014;6;39,67;2;4;;
;Opava;Bohdanovice;2019;7;47,00;2;5;;
;Opava;Bohdanovice;2024;8;29,75;4;4;0;
223;Opava;Brumovice;1999;18;62,72;4;14;;
;Opava;Brumovice;2004;19;50,74;4;15;;
;Opava;Brumovice;2009;32;48,50;12;20;;
;Opava;Brumovice;2014;32;41,56;13;19;;
;Opava;Brumovice;2019;23;62,65;6;17;;
;Opava;Brumovice;2024;28;56,25;10;18;0;
224;Opava;Březová u Vítkova;1999;357;41,09;140;217;;
;Opava;Březová u Vítkova;2004;310;45,41;129;181;;
;Opava;Březová u Vítkova;2009;263;46,30;98;165;;
;Opava;Březová u Vítkova;2014;242;49,33;98;144;;
;Opava;Březová u Vítkova;2019;178;53,34;72;106;;
;Opava;Březová u Vítkova;2024;157;53,34;65;92;0;
225;Opava;Budišov nad Budišovkou;1999;75;46,35;28;47;;
;Opava;Budišov nad Budišovkou;2004;48;43,92;18;30;;
;Opava;Budišov nad Budišovkou;2009;62;54,31;24;38;;
;Opava;Budišov nad Budišovkou;2014;53;47,36;20;33;;
;Opava;Budišov nad Budišovkou;2019;31;49,84;14;17;;
;Opava;Budišov nad Budišovkou;2024;37;47,14;20;17;0;
226;Opava;Dolní Životice;1999;224;42,99;97;127;;
;Opava;Dolní Životice;2004;192;46,53;75;117;;
;Opava;Dolní Životice;2009;232;47,01;110;122;;
;Opava;Dolní Životice;2014;122;48,37;48;74;;
;Opava;Dolní Životice;2019;121;49,02;51;70;;
;Opava;Dolní Životice;2024;68;53,18;20;48;0;
227;Opava;Guntramovice;1999;26;35,46;12;14;;
;Opava;Guntramovice;2004;25;35,92;11;14;;
;Opava;Guntramovice;2009;40;42,40;17;23;;
;Opava;Guntramovice;2014;41;42,34;15;26;;
;Opava;Guntramovice;2019;36;41,47;15;21;;
;Opava;Guntramovice;2024;36;43,50;17;19;0;
228;Opava;Hlavnice;1999;43;44,95;13;30;;
;Opava;Hlavnice;2004;64;42,64;25;39;;
;Opava;Hlavnice;2009;64;45,16;23;41;;
;Opava;Hlavnice;2014;72;38,36;32;40;;
;Opava;Hlavnice;2019;85;31,80;39;46;;
;Opava;Hlavnice;2024;71;36,93;34;37;0;
229;Opava;Hněvošice;1999;397;39,38;137;260;;
;Opava;Hněvošice;2004;371;43,00;124;247;;
;Opava;Hněvošice;2009;365;43,98;123;242;;
;Opava;Hněvošice;2014;361;43,78;149;212;;
;Opava;Hněvošice;2019;224;46,97;90;134;;
;Opava;Hněvošice;2024;200;51,15;77;123;0;
230;Opava;Hradec nad Moravicí;1999;604;48,20;250;354;;
;Opava;Hradec nad Moravicí;2004;531;49,67;223;308;;
;Opava;Hradec nad Moravicí;2009;484;50,74;205;279;;
;Opava;Hradec nad Moravicí;2014;428;49,42;191;237;;
;Opava;Hradec nad Moravicí;2019;452;49,28;193;259;;
;Opava;Hradec nad Moravicí;2024;365;46,78;158;207;0;
231;Opava;Jakartovice;1999;19;56,32;8;11;;
;Opava;Jakartovice;2004;23;56,91;7;16;;
;Opava;Jakartovice;2009;52;43,38;20;32;;
;Opava;Jakartovice;2014;22;49,45;7;15;;
;Opava;Jakartovice;2019;19;53,00;7;12;;
;Opava;Jakartovice;2024;11;71,55;3;8;0;
232;Opava;Klokočov;1999;34;43,82;6;28;;
;Opava;Klokočov;2004;28;44,96;7;21;;
;Opava;Klokočov;2009;18;54,11;4;14;;
;Opava;Klokočov;2014;20;46,70;6;14;;
;Opava;Klokočov;2019;18;55,61;6;12;;
;Opava;Klokočov;2024;18;51,17;4;14;0;
233;Opava;Kružberk;1999;6;61,50;2;4;;
;Opava;Kružberk;2004;25;52,84;4;21;;
;Opava;Kružberk;2009;8;55,88;3;5;;
;Opava;Kružberk;2014;8;59,00;2;6;;
;Opava;Kružberk;2019;9;61,33;6;3;;
;Opava;Kružberk;2024;11;48,27;5;6;0;
234;Opava;Litultovice;1999;68;48,54;25;43;;
;Opava;Litultovice;2004;90;44,73;32;58;;
;Opava;Litultovice;2009;108;40,03;41;67;;
;Opava;Litultovice;2014;74;48,84;27;47;;
;Opava;Litultovice;2019;62;50,77;29;33;;
;Opava;Litultovice;2024;37;45,54;16;21;0;
235;Opava;Melč;1999;113;45,27;41;72;;
;Opava;Melč;2004;99;50,55;32;67;;
;Opava;Melč;2009;101;45,29;42;59;;
;Opava;Melč;2014;95;44,78;32;63;;
;Opava;Melč;2019;89;44,13;36;53;;
;Opava;Melč;2024;56;50,70;20;36;0;
236;Opava;Moravice;1999;54;38,87;15;39;;
;Opava;Moravice;2004;62;44,71;25;37;;
;Opava;Moravice;2009;61;45,64;27;34;;
;Opava;Moravice;2014;58;45,05;27;31;;
;Opava;Moravice;2019;58;43,24;28;30;;
;Opava;Moravice;2024;32;50,03;13;19;0;
237;Opava;Neplachovice;1999;96;57,25;26;70;;
;Opava;Neplachovice;2004;158;58,29;52;106;;
;Opava;Neplachovice;2009;123;62,38;41;82;;
;Opava;Neplachovice;2014;116;60,35;37;79;;
;Opava;Neplachovice;2019;88;60,64;26;62;;
;Opava;Neplachovice;2024;54;65,59;16;38;0;
238;Opava;Nové Lublice;1999;38;48,08;19;19;;
;Opava;Nové Lublice;2004;24;43,50;7;17;;
;Opava;Nové Lublice;2009;33;57,00;9;24;;
;Opava;Nové Lublice;2014;39;55,38;12;27;;
;Opava;Nové Lublice;2019;20;52,35;6;14;;
;Opava;Nové Lublice;2024;21;57,67;9;12;0;
239;Opava;Nové Těchanovice;1999;11;54,82;1;10;;
;Opava;Nové Těchanovice;2004;20;52,65;5;15;;
;Opava;Nové Těchanovice;2009;8;70,63;2;6;;
;Opava;Nové Těchanovice;2014;10;61,40;4;6;;
;Opava;Nové Těchanovice;2019;13;49,15;4;9;;
;Opava;Nové Těchanovice;2024;4;66,50;2;2;0;
240;Opava;Oldřišov;1999;542;41,68;198;344;;
;Opava;Oldřišov;2004;500;43,62;174;326;;
;Opava;Oldřišov;2009;408;47,74;149;259;;
;Opava;Oldřišov;2014;365;51,41;131;234;;
;Opava;Oldřišov;2019;239;53,66;64;175;;
;Opava;Oldřišov;2024;244;57,11;76;168;0;
241;Opava;Opava Panny Marie;1999;2413;50,14;878;1535;;
;Opava;Opava Panny Marie;2004;1850;51,97;681;1169;;
;Opava;Opava Panny Marie;2009;1184;54,20;437;747;;
;Opava;Opava Panny Marie;2014;927;55,62;327;600;;
;Opava;Opava Panny Marie;2019;967;52,49;361;606;;
;Opava;Opava Panny Marie;2024;645;52,07;243;402;0;
242;Opava;Opava sv. Duch;1999;697;50,21;243;454;;
;Opava;Opava sv. Duch;2004;619;46,56;275;344;;
;Opava;Opava sv. Duch;2009;923;49,83;364;559;;
;Opava;Opava sv. Duch;2014;644;52,18;246;398;;
;Opava;Opava sv. Duch;2019;507;46,05;201;306;;
;Opava;Opava sv. Duch;2024;302;52,22;139;160;3;
243;Opava;Opava-Jaktař;1999;241;48,62;88;153;;
;Opava;Opava-Jaktař;2004;216;46,40;82;134;;
;Opava;Opava-Jaktař;2009;208;49,82;79;129;;
;Opava;Opava-Jaktař;2014;215;47,00;90;125;;
;Opava;Opava-Jaktař;2019;126;53,24;55;71;;
;Opava;Opava-Jaktař;2024;95;51,78;41;54;0;
244;Opava;Opava-Kateřinky;1999;295;48,06;90;205;;
;Opava;Opava-Kateřinky;2004;243;46,31;75;168;;
;Opava;Opava-Kateřinky;2009;192;53,09;59;133;;
;Opava;Opava-Kateřinky;2014;191;55,64;58;133;;
;Opava;Opava-Kateřinky;2019;115;55,43;39;76;;
;Opava;Opava-Kateřinky;2024;91;56,51;36;55;0;
245;Opava;Opava-Komárov;1999;186;49,20;70;116;;
;Opava;Opava-Komárov;2004;199;45,82;65;134;;
;Opava;Opava-Komárov;2009;195;50,25;65;130;;
;Opava;Opava-Komárov;2014;144;55,19;51;93;;
;Opava;Opava-Komárov;2019;123;57,30;45;78;;
;Opava;Opava-Komárov;2024;92;47,95;31;61;0;
246;Opava;Opava-Kylešovice;1999;239;47,68;80;159;;
;Opava;Opava-Kylešovice;2004;228;49,57;75;153;;
;Opava;Opava-Kylešovice;2009;210;57,60;79;131;;
;Opava;Opava-Kylešovice;2014;155;54,88;56;99;;
;Opava;Opava-Kylešovice;2019;139;57,56;47;92;;
;Opava;Opava-Kylešovice;2024;116;43,69;52;64;0;
247;Opava;Radkov;1999;29;52,59;4;25;;
;Opava;Radkov;2004;35;53,80;5;30;;
;Opava;Radkov;2009;18;49,56;2;16;;
;Opava;Radkov;2014;32;56,31;7;25;;
;Opava;Radkov;2019;19;69,63;4;15;;
;Opava;Radkov;2024;10;53,30;2;8;0;
248;Opava;Raduň;1999;130;46,61;54;76;;
;Opava;Raduň;2004;90;54,77;33;57;;
;Opava;Raduň;2009;73;55,59;31;42;;
;Opava;Raduň;2014;43;59,21;18;25;;
;Opava;Raduň;2019;43;52,47;18;25;;
;Opava;Raduň;2024;24;45,88;9;15;0;
249;Opava;Skřipov u Opavy;1999;239;49,04;77;162;;
;Opava;Skřipov u Opavy;2004;210;48,90;66;144;;
;Opava;Skřipov u Opavy;2009;177;51,12;54;123;;
;Opava;Skřipov u Opavy;2014;148;49,09;51;97;;
;Opava;Skřipov u Opavy;2019;132;52,99;40;92;;
;Opava;Skřipov u Opavy;2024;93;54,85;30;63;0;
250;Opava;Slavkov u Opavy;1999;255;44,34;93;162;;
;Opava;Slavkov u Opavy;2004;202;44,12;84;118;;
;Opava;Slavkov u Opavy;2009;229;48,06;92;137;;
;Opava;Slavkov u Opavy;2014;241;45,02;96;145;;
;Opava;Slavkov u Opavy;2019;153;50,16;67;86;;
;Opava;Slavkov u Opavy;2024;112;50,59;43;69;0;
251;Opava;Stěbořice;1999;304;41,11;137;167;;
;Opava;Stěbořice;2004;316;43,22;145;171;;
;Opava;Stěbořice;2009;362;44,00;162;200;;
;Opava;Stěbořice;2014;403;45,70;183;220;;
;Opava;Stěbořice;2019;347;45,33;152;195;;
;Opava;Stěbořice;2024;313;45,99;148;165;0;
252;Opava;Štáblovice;1999;171;46,74;78;93;;
;Opava;Štáblovice;2004;137;49,58;61;76;;
;Opava;Štáblovice;2009;148;52,53;61;87;;
;Opava;Štáblovice;2014;111;50,67;41;70;;
;Opava;Štáblovice;2019;73;52,71;33;40;;
;Opava;Štáblovice;2024;57;56,28;29;28;0;
253;Opava;Velké Heraltice;1999;52;46,58;22;30;;
;Opava;Velké Heraltice;2004;105;49,84;40;65;;
;Opava;Velké Heraltice;2009;133;51,92;53;80;;
;Opava;Velké Heraltice;2014;75;50,43;32;43;;
;Opava;Velké Heraltice;2019;62;52,97;27;35;;
;Opava;Velké Heraltice;2024;68;52,04;26;42;0;
254;Opava;Velké Hoštice;1999;685;43,56;245;440;;
;Opava;Velké Hoštice;2004;789;46,34;266;523;;
;Opava;Velké Hoštice;2009;505;52,96;165;340;;
;Opava;Velké Hoštice;2014;425;52,34;146;279;;
;Opava;Velké Hoštice;2019;326;55,49;97;229;;
;Opava;Velké Hoštice;2024;281;60,26;96;185;0;
255;Opava;Větřkovice;1999;179;46,98;72;107;;
;Opava;Větřkovice;2004;229;43,25;100;129;;
;Opava;Větřkovice;2009;178;46,06;77;101;;
;Opava;Větřkovice;2014;129;52,35;50;79;;
;Opava;Větřkovice;2019;117;53,22;54;63;;
;Opava;Větřkovice;2024;85;59,34;36;49;0;
256;Opava;Vítkov;1999;167;53,27;53;114;;
;Opava;Vítkov;2004;118;59,81;46;72;;
;Opava;Vítkov;2009;95;50,55;40;55;;
;Opava;Vítkov;2014;99;56,66;32;67;;
;Opava;Vítkov;2019;71;56,75;26;45;;
;Opava;Vítkov;2024;66;53,61;22;44;0;
257;Ostrava;Ostrava-Heřmanice;1999;111;42,83;31;80;;
;Ostrava;Ostrava-Heřmanice;2004;124;44,27;34;90;;
;Ostrava;Ostrava-Heřmanice;2009;89;52,30;30;59;;
;Ostrava;Ostrava-Heřmanice;2014;78;54,27;23;55;;
;Ostrava;Ostrava-Heřmanice;2019;82;50,54;31;51;;
;Ostrava;Ostrava-Heřmanice;2024;80;45,74;29;51;0;
258;Ostrava;Ostrava-Hošťálkovice;1999;249;53,00;73;176;;
;Ostrava;Ostrava-Hošťálkovice;2004;220;50,83;65;155;;
;Ostrava;Ostrava-Hošťálkovice;2009;174;54,39;66;108;;
;Ostrava;Ostrava-Hošťálkovice;2014;173;52,32;52;121;;
;Ostrava;Ostrava-Hošťálkovice;2019;113;63,56;38;75;;
;Ostrava;Ostrava-Hošťálkovice;2024;113;58,27;34;79;0;
259;Ostrava;Ostrava-Hrabová;1999;142;47,00;43;99;;
;Ostrava;Ostrava-Hrabová;2004;130;51,14;41;89;;
;Ostrava;Ostrava-Hrabová;2009;120;47,43;42;78;;
;Ostrava;Ostrava-Hrabová;2014;98;47,57;40;58;;
;Ostrava;Ostrava-Hrabová;2019;109;48,63;36;73;;
;Ostrava;Ostrava-Hrabová;2024;82;49,01;27;55;0;
260;Ostrava;Ostrava-Hrabůvka;1999;721;42,17;256;465;;
;Ostrava;Ostrava-Hrabůvka;2004;718;45,18;257;461;;
;Ostrava;Ostrava-Hrabůvka;2009;588;47,31;221;367;;
;Ostrava;Ostrava-Hrabůvka;2014;452;49,99;156;296;;
;Ostrava;Ostrava-Hrabůvka;2019;332;53,21;118;214;;
;Ostrava;Ostrava-Hrabůvka;2024;182;58,90;74;108;0;
261;Ostrava;Ostrava-Hrušov;1999;73;49,67;29;44;;
;Ostrava;Ostrava-Hrušov;2004;79;46,28;32;47;;
;Ostrava;Ostrava-Hrušov;2009;74;57,47;25;49;;
;Ostrava;Ostrava-Hrušov;2014;69;57,07;25;44;;
;Ostrava;Ostrava-Hrušov;2019;41;61,51;17;24;;
;Ostrava;Ostrava-Hrušov;2024;41;50,71;16;25;0;
262;Ostrava;Ostrava-Kunčičky;1999;75;57,37;27;48;;
;Ostrava;Ostrava-Kunčičky;2004;43;52,84;18;25;;
;Ostrava;Ostrava-Kunčičky;2009;69;52,28;24;45;;
;Ostrava;Ostrava-Kunčičky;2014;79;44,49;29;50;;
;Ostrava;Ostrava-Kunčičky;2019;83;41,36;37;46;;
;Ostrava;Ostrava-Kunčičky;2024;78;41,91;37;41;0;
263;Ostrava;Ostrava-Mariánské Hory;1999;337;48,40;120;217;;
;Ostrava;Ostrava-Mariánské Hory;2004;310;49,15;115;195;;
;Ostrava;Ostrava-Mariánské Hory;2009;293;49,57;99;194;;
;Ostrava;Ostrava-Mariánské Hory;2014;265;49,04;107;158;;
;Ostrava;Ostrava-Mariánské Hory;2019;200;50,02;69;131;;
;Ostrava;Ostrava-Mariánské Hory;2024;185;49,51;75;109;1;
264;Ostrava;Ostrava-Michálkovice;1999;97;47,49;35;62;;
;Ostrava;Ostrava-Michálkovice;2004;68;53,82;30;38;;
;Ostrava;Ostrava-Michálkovice;2009;51;47,57;24;27;;
;Ostrava;Ostrava-Michálkovice;2014;39;59,54;16;23;;
;Ostrava;Ostrava-Michálkovice;2019;23;63,43;10;13;;
;Ostrava;Ostrava-Michálkovice;2024;27;56,85;9;18;0;
265;Ostrava;Ostrava-Moravská Ostrava;1999;1521;48,84;619;902;;
;Ostrava;Ostrava-Moravská Ostrava;2004;1185;47,46;464;721;;
;Ostrava;Ostrava-Moravská Ostrava;2009;848;50,77;338;510;;
;Ostrava;Ostrava-Moravská Ostrava;2014;698;47,10;294;404;;
;Ostrava;Ostrava-Moravská Ostrava;2019;631;45,84;284;347;;
;Ostrava;Ostrava-Moravská Ostrava;2024;587;44,45;269;316;2;
266;Ostrava;Ostrava-Plesná;1999;189;49,16;63;126;;
;Ostrava;Ostrava-Plesná;2004;194;52,75;63;131;;
;Ostrava;Ostrava-Plesná;2009;169;52,35;58;111;;
;Ostrava;Ostrava-Plesná;2014;165;47,77;63;102;;
;Ostrava;Ostrava-Plesná;2019;145;47,25;69;76;;
;Ostrava;Ostrava-Plesná;2024;159;51,78;70;89;0;
267;Ostrava;Ostrava-Polanka;1999;187;50,33;61;126;;
;Ostrava;Ostrava-Polanka;2004;162;50,25;50;112;;
;Ostrava;Ostrava-Polanka;2009;150;55,66;50;100;;
;Ostrava;Ostrava-Polanka;2014;165;53,60;52;113;;
;Ostrava;Ostrava-Polanka;2019;151;49,73;60;91;;
;Ostrava;Ostrava-Polanka;2024;97;51,08;36;61;0;
268;Ostrava;Ostrava-Poruba;1999;1420;47,49;518;902;;
;Ostrava;Ostrava-Poruba;2004;1726;46,24;618;1108;;
;Ostrava;Ostrava-Poruba;2009;853;48,60;321;532;;
;Ostrava;Ostrava-Poruba;2014;744;47,65;275;469;;
;Ostrava;Ostrava-Poruba;2019;631;43,87;261;370;;
;Ostrava;Ostrava-Poruba;2024;496;44,17;209;287;0;
269;Ostrava;Ostrava-Přívoz;1999;166;52,63;50;116;;
;Ostrava;Ostrava-Přívoz;2004;226;45,71;76;150;;
;Ostrava;Ostrava-Přívoz;2009;285;42,72;115;170;;
;Ostrava;Ostrava-Přívoz;2014;290;41,39;103;187;;
;Ostrava;Ostrava-Přívoz;2019;288;41,75;125;163;;
;Ostrava;Ostrava-Přívoz;2024;227;44,05;98;126;3;
270;Ostrava;Ostrava-Radvanice;1999;120;46,42;46;74;;
;Ostrava;Ostrava-Radvanice;2004;140;38,40;59;81;;
;Ostrava;Ostrava-Radvanice;2009;132;47,07;49;83;;
;Ostrava;Ostrava-Radvanice;2014;126;52,67;50;76;;
;Ostrava;Ostrava-Radvanice;2019;116;49,32;46;70;;
;Ostrava;Ostrava-Radvanice;2024;85;54,07;34;51;0;
271;Ostrava;Ostrava-Slezská Ostrava;1999;60;62,10;17;43;;
;Ostrava;Ostrava-Slezská Ostrava;2004;83;62,13;29;54;;
;Ostrava;Ostrava-Slezská Ostrava;2009;107;55,63;42;65;;
;Ostrava;Ostrava-Slezská Ostrava;2014;49;58,37;18;31;;
;Ostrava;Ostrava-Slezská Ostrava;2019;336;44,03;162;174;;
;Ostrava;Ostrava-Slezská Ostrava;2024;34;60,68;14;19;1;
272;Ostrava;Ostrava-Stará Bělá;1999;574;41,87;243;331;;
;Ostrava;Ostrava-Stará Bělá;2004;564;41,81;250;314;;
;Ostrava;Ostrava-Stará Bělá;2009;546;41,07;237;309;;
;Ostrava;Ostrava-Stará Bělá;2014;526;40,14;232;294;;
;Ostrava;Ostrava-Stará Bělá;2019;567;37,60;272;295;;
;Ostrava;Ostrava-Stará Bělá;2024;360;43,71;166;193;1;
273;Ostrava;Ostrava-Svinov;1999;305;50,81;111;194;;
;Ostrava;Ostrava-Svinov;2004;271;44,10;106;165;;
;Ostrava;Ostrava-Svinov;2009;271;50,01;97;174;;
;Ostrava;Ostrava-Svinov;2014;298;47,93;123;175;;
;Ostrava;Ostrava-Svinov;2019;214;51,84;92;122;;
;Ostrava;Ostrava-Svinov;2024;135;54,43;58;77;0;
274;Ostrava;Ostrava-Třebovice;1999;545;50,62;212;333;;
;Ostrava;Ostrava-Třebovice;2004;452;51,76;167;285;;
;Ostrava;Ostrava-Třebovice;2009;413;49,26;153;260;;
;Ostrava;Ostrava-Třebovice;2014;334;51,16;134;200;;
;Ostrava;Ostrava-Třebovice;2019;316;47,42;127;189;;
;Ostrava;Ostrava-Třebovice;2024;231;49,99;98;133;0;
275;Ostrava;Ostrava-Vítkovice;1999;341;58,22;114;227;;
;Ostrava;Ostrava-Vítkovice;2004;218;58,21;71;147;;
;Ostrava;Ostrava-Vítkovice;2009;117;62,60;39;78;;
;Ostrava;Ostrava-Vítkovice;2014;80;68,94;27;53;;
;Ostrava;Ostrava-Vítkovice;2019;65;63,11;24;41;;
;Ostrava;Ostrava-Vítkovice;2024;45;64,78;23;22;0;
276;Ostrava;Ostrava-Zábřeh;1999;842;45,60;322;520;;
;Ostrava;Ostrava-Zábřeh;2004;882;47,28;313;569;;
;Ostrava;Ostrava-Zábřeh;2009;1069;47,57;400;669;;
;Ostrava;Ostrava-Zábřeh;2014;902;47,38;321;581;;
;Ostrava;Ostrava-Zábřeh;2019;908;46,12;344;564;;
;Ostrava;Ostrava-Zábřeh;2024;758;43,36;304;453;1;
277;Ostrava;Ostrava-Pustkovec;1999;;;;;;
;Ostrava;Ostrava-Pustkovec;2004;;;;;;
;Ostrava;Ostrava-Pustkovec;2009;745;48,44;276;469;;
;Ostrava;Ostrava-Pustkovec;2014;671;47,76;260;411;;
;Ostrava;Ostrava-Pustkovec;2019;694;49,66;275;419;;
;Ostrava;Ostrava-Pustkovec;2024;430;46,85;185;245;0;
